kl_loss_gex,kl_loss_pex,recons_loss_gex,recons_loss_pex,cosine_loss_gex,cosine_loss_pex,adj_loss,spatial_loss,mutual_info_loss,oracle,oracle_self
3.6076799100198675e-12,3.2056883189635066e-12,0.0010430661495774984,0.00038695926195941865,0.001119595835916698,0.001119595835916698,5.534792308026226e-06,0.1545408070087433,0.001354556530714035,0.1339803066645505,0.08048336337208398
3.942591045302812e-12,3.478011064914077e-12,0.0010189362801611423,0.0003389247867744416,0.0011333482107147574,0.0011333482107147574,5.680126832885435e-06,0.1492486298084259,0.0019306933972984552,0.13883649433452205,0.07790473234902325
4.365369610931369e-12,3.721157063041325e-12,0.0009948587976396084,0.00029760607867501676,0.001151067204773426,0.0011510670883581042,5.701719601347577e-06,0.14448674023151398,0.0014134029624983668,0.13054692466949805,0.07268831302743073
4.751820898568626e-12,3.9348043053000215e-12,0.0009705834672786295,0.0002604835608508438,0.0011700079776346684,0.0011700078612193465,5.791905550722731e-06,0.1482660472393036,0.0014185005566105247,0.11117180232618727,0.06353890345653466
5.1434980406772635e-12,4.131377965427285e-12,0.0009491019300185144,0.00022910362167749554,0.0011713391868397593,0.0011713393032550812,5.7775373534241226e-06,0.137643963098526,0.0015794998034834862,0.09308412324580789,0.05060203108725282
5.472989682980822e-12,4.354347611645881e-12,0.0009258876671083272,0.00020335704903118312,0.00118039280641824,0.001180392922833562,5.728625637857476e-06,0.1347292959690094,0.001459625200368464,0.08864395794338852,0.04489561919787546
5.791111080261091e-12,4.60000917565373e-12,0.0009088707156479359,0.00018145157082471997,0.0011834680335596204,0.0011834680335596204,5.835428055434022e-06,0.13062512874603271,0.0012895764084532857,0.096497402449493,0.04909576892937654
6.126564967151582e-12,4.8632395853454025e-12,0.0008909283787943423,0.00016322510782629251,0.0011925232829526067,0.0011925232829526067,5.915473593631759e-06,0.1474379450082779,0.001313885790295899,0.10976514487684748,0.05735729998942948
6.481337602032289e-12,5.149055661013424e-12,0.0008749499102123082,0.00014668153016828,0.0011868479195982218,0.0011868479195982218,5.981630238238722e-06,0.14252308011054993,0.0014014157932251692,0.1248636182875131,0.06725548383625761
6.859320837021565e-12,5.439365537845964e-12,0.0008590352372266352,0.00013442787167150527,0.0011970431078225374,0.0011970432242378592,5.976597094559111e-06,0.12202741205692291,0.0013736331602558494,0.14166029280164563,0.0789451917981728
7.29835983315219e-12,5.7332771342955e-12,0.0008438507793471217,0.0001233025686815381,0.001198131823912263,0.001198131823912263,6.0338620642141905e-06,0.1259038895368576,0.0012675750767812133,0.15993128732467402,0.09223171068964768
7.753778522023858e-12,6.0426164939786364e-12,0.0008323928341269493,0.00011398246715543792,0.0012062069727107882,0.0012062069727107882,6.107685294409748e-06,0.12417852878570557,0.0012225998798385262,0.1777213152166542,0.10520794860778246
8.208853735647281e-12,6.372324109354954e-12,0.0008238059235736728,0.00010627604206092656,0.0012079389998689294,0.0012079388834536076,6.132311682449654e-06,0.1299218088388443,0.0012617710744962096,0.19590087986672197,0.12012057067165403
8.669583280440651e-12,6.720733778525778e-12,0.0008106095483526587,0.0001010956329992041,0.0012087553041055799,0.0012087553041055799,6.107822628109716e-06,0.13255317509174347,0.0012800603872165084,0.21169422249850886,0.13415796293092702
9.134103196029031e-12,7.092748263715087e-12,0.0008022674592211843,9.665534889791161e-05,0.001207247143611312,0.001207247143611312,6.169718744786223e-06,0.13676221668720245,0.001226142281666398,0.22898710534134045,0.15042229830412668
9.605309603255563e-12,7.478470100130696e-12,0.0007926214020699263,9.083089389605448e-05,0.0012015332467854023,0.0012015332467854023,6.284340997808613e-06,0.13457894325256348,0.0011618284042924643,0.2468478859379445,0.16676900917315843
1.0094966529372584e-11,7.875886574859603e-12,0.0007788647199049592,8.838545181788504e-05,0.0012063885806128383,0.00120638869702816,6.335361831588671e-06,0.12273648381233215,0.0011660290183499455,0.2629286677163668,0.18170574731712144
1.0615538829916726e-11,8.273245803713802e-12,0.0007726154872216284,8.498231181874871e-05,0.0012092201504856348,0.0012092201504856348,6.30457179795485e-06,0.13332870602607727,0.0012031575897708535,0.2801305631116527,0.19896208898194576
1.1171474335880394e-11,8.683206063897497e-12,0.0007606997969560325,8.303474896820262e-05,0.0012105784844607115,0.0012105784844607115,6.423802460631123e-06,0.1381782442331314,0.0011932066408917308,0.2959364638086485,0.21607930191527105
1.1708937638910122e-11,9.103879976268825e-12,0.0007541561499238014,8.033939957385883e-05,0.0012128402013331652,0.0012128402013331652,6.447243777074618e-06,0.12964607775211334,0.00114533887244761,0.30778906713389814,0.2298152966920213
1.2267810899080356e-11,9.537218237376521e-12,0.0007448961259797215,7.806510984664783e-05,0.0012134615099057555,0.0012134615099057555,6.372014013322769e-06,0.12756001949310303,0.0011010816087946296,0.3192202721437962,0.24489900601950365
1.2882652410117768e-11,9.980632639794429e-12,0.000737985479645431,7.630903564859182e-05,0.0012083095498383045,0.0012083094334229827,6.3774459704291075e-06,0.13286495208740234,0.001105019822716713,0.33034243874101193,0.26065948533353994
1.3554201164223123e-11,1.0431135122335178e-11,0.0007287070620805025,7.45548095437698e-05,0.001211061840876937,0.001211061840876937,6.413364644686226e-06,0.1267569661140442,0.0011225551133975387,0.34088116770983395,0.27758855712129016
1.4229029413059813e-11,1.089770201162521e-11,0.0007236620876938105,7.303978782147169e-05,0.0012112532276660204,0.0012112532276660204,6.4693240346969105e-06,0.1364525556564331,0.001105626579374075,0.3517665962589612,0.29447849760129546
1.494100503041107e-11,1.139148584489158e-11,0.0007185021531768143,7.147758879000321e-05,0.001202001003548503,0.0012020011199638247,6.48558534521726e-06,0.12204527854919434,0.0010773325338959694,0.36193963288616116,0.3110804545583414
1.5732977420856997e-11,1.1902155476473109e-11,0.0007114282343536615,6.95198614266701e-05,0.0012073316611349583,0.0012073316611349583,6.4764694798213895e-06,0.11635230481624603,0.0010528018465265632,0.3737271603149417,0.32940430873371884
1.6558811613553992e-11,1.2459495241090579e-11,0.0007044296944513917,6.692329043289647e-05,0.0012038208078593016,0.0012038209242746234,6.511083938676165e-06,0.1292818933725357,0.0010504736565053463,0.38367568700137844,0.3472736047144022
1.7415463168801715e-11,1.3019240199807491e-11,0.0007004725048318505,6.579239561688155e-05,0.0012060923036187887,0.0012060923036187887,6.460044460254721e-06,0.11422761529684067,0.0010475792223587632,0.3917559072012368,0.36290130316773744
1.8307631452496587e-11,1.3615215725681917e-11,0.0006947682704776525,6.431403016904369e-05,0.0012032316299155354,0.0012032315135002136,6.62218462821329e-06,0.12132958322763443,0.0010353311663493514,0.3985300109729476,0.376814804399156
1.9221053568219126e-11,1.425765235041343e-11,0.0006871395744383335,6.23189625912346e-05,0.001203854801133275,0.001203854801133275,6.600323558814125e-06,0.1124236136674881,0.0010194863425567746,0.4059829546544954,0.3908196646498278
2.0162829739156507e-11,1.494517010147689e-11,0.0006868001655675471,6.153606955194846e-05,0.0012033084640279412,0.0012033084640279412,6.529883194161812e-06,0.1133519858121872,0.0010219844989478588,0.4131403971124872,0.40417869428739156
2.1176175396542263e-11,1.5673039255315047e-11,0.0006808763719163835,5.9492540458450094e-05,0.0012036829721182585,0.0012036829721182585,6.552908871526597e-06,0.10768886655569077,0.0010168451117351651,0.4180864076320432,0.41556515876103306
2.2223741943938613e-11,1.6424465953956968e-11,0.0006711979513056576,5.7886696595232934e-05,0.001204641885124147,0.001204641885124147,6.62745287627331e-06,0.11801666021347046,0.000999737880192697,0.42285480810460135,0.42610260513357534
2.3325520334682714e-11,1.7205344787774024e-11,0.0006684266845695674,5.7110799389192834e-05,0.0011945103760808706,0.0011945103760808706,6.551168098667404e-06,0.11291605979204178,0.000982503523118794,0.4279101455280828,0.4360201313159974
2.443705827970266e-11,1.8012013755508427e-11,0.0006668458227068186,5.5691674788249657e-05,0.0011928209569305182,0.0011928209569305182,6.713088168908143e-06,0.110490582883358,0.0009903525933623314,0.43675820149036404,0.44856447859104664
2.556974944278867e-11,1.884209108182766e-11,0.0006551868282258511,5.4639367590425536e-05,0.0011942376149818301,0.0011942376149818301,6.761355052731233e-06,0.1106475293636322,0.0009873384842649102,0.44434957024231164,0.45946368690779077
2.6760043833617964e-11,1.9712049700859602e-11,0.0006543887429870665,5.38570893695578e-05,0.001188210560940206,0.001188210560940206,6.797162313887384e-06,0.1071358397603035,0.0009570156689733267,0.4518913305436481,0.46930964222597693
2.7996608503721987e-11,2.064512970301191e-11,0.0006488754297606647,5.338061964721419e-05,0.0011877521174028516,0.0011877521174028516,6.775356723665027e-06,0.11144238710403442,0.0009448325145058334,0.4574987769288078,0.4775880276239215
2.926129130664812e-11,2.1647636808119763e-11,0.0006451021763496101,5.193788092583418e-05,0.0011744820512831211,0.0011744820512831211,6.829461653978797e-06,0.1093267947435379,0.000951068417634815,0.46338348926433576,0.48440821988334154
3.057891093116716e-11,2.2667392268749254e-11,0.0006402903236448765,5.09381752635818e-05,0.0011888424633070827,0.0011888424633070827,6.8639278651971836e-06,0.11667204648256302,0.0009344795253127813,0.46803560689633067,0.4898237176435725
3.195118475352032e-11,2.3731704101859208e-11,0.0006371153285726905,5.0081122026313096e-05,0.0011728747049346566,0.0011728747049346566,6.892083547427319e-06,0.10603456944227219,0.0009170066914521158,0.47225417404929904,0.4946965137133812
3.343168797353968e-11,2.484369307498291e-11,0.0006312744808383286,4.884394002147019e-05,0.0011757006868720055,0.0011757006868720055,6.873262918816181e-06,0.10851802676916122,0.0009032083908095956,0.47515511674223593,0.4986594736807568
3.504812065568963e-11,2.602392433492806e-11,0.0006289703887887299,4.84661286463961e-05,0.0011713034473359585,0.0011713034473359585,6.92513094691094e-06,0.10552890598773956,0.0009053027024492621,0.47804587744110766,0.5023423378112977
3.6735798430997946e-11,2.723785780256449e-11,0.0006235749460756779,4.7763180191395804e-05,0.0011710154358297586,0.0011710154358297586,6.91153672960354e-06,0.10269445180892944,0.0008909898460842669,0.4788490408742761,0.5039352111842675
3.8511249744743736e-11,2.8540161553514132e-11,0.0006199618801474571,4.682628423324786e-05,0.0011762605281546712,0.0011762605281546712,6.939557806617813e-06,0.10999070107936859,0.0008660537423565984,0.48037297785459515,0.5062342878954895
4.0383398014487426e-11,2.988547256888019e-11,0.0006158027681522071,4.647549940273166e-05,0.0011744571384042501,0.0011744571384042501,6.9401412474690005e-06,0.10354169458150864,0.0008569837082177401,0.4801628608479199,0.5072964125528724
4.228639660652789e-11,3.128183476142077e-11,0.0006104185013100505,4.560550587484613e-05,0.0011700078612193465,0.0011700078612193465,6.9736820478283335e-06,0.10681917518377304,0.0008459789678454399,0.48017825187888086,0.5081592993927636
4.425730962265284e-11,3.2774449820749396e-11,0.000610185437835753,4.492148582357913e-05,0.0011660566087812185,0.0011660564923658967,6.915473477420164e-06,0.10965204983949661,0.0008232085965573788,0.479324615747729,0.5084948545375767
4.626396835072377e-11,3.42654203622228e-11,0.0006106410291977227,4.4597785745281726e-05,0.0011648298241198063,0.0011648298241198063,7.018110864009941e-06,0.10736408829689026,0.000800987530965358,0.47910003586508426,0.509923308359933
4.8336661062631237e-11,3.583645186155948e-11,0.0006047151982784271,4.403593993629329e-05,0.0011632387759163976,0.0011632387759163976,7.079982424329501e-06,0.10719458758831024,0.0007984151015989482,0.480081007685142,0.5121727172834075
5.044220596772675e-11,3.747966520473156e-11,0.0006044423789717257,4.375264325062744e-05,0.001160533051006496,0.001160533051006496,6.950305305508664e-06,0.10836124420166016,0.0007811933173798025,0.48210491381054493,0.5156936613153164
5.259433166759919e-11,3.921831609465798e-11,0.0005993176018819213,4.267933400114998e-05,0.001164867077022791,0.001164867077022791,7.0414557740150485e-06,0.10227083414793015,0.0007584416889585555,0.4854932140653652,0.5198812256542827
5.478773684730598e-11,4.099723685535572e-11,0.0005977231776341796,4.2765143007272854e-05,0.0011591276852414012,0.0011591276852414012,6.925442903593648e-06,0.10466364771127701,0.0007461297209374607,0.48884223452587194,0.5237898256417058
5.70334196536848e-11,4.2888283202646704e-11,0.000598215963691473,4.2094347008969635e-05,0.0011616210686042905,0.0011616209521889687,7.012527021288406e-06,0.10365667939186096,0.0007368428632616997,0.4929558217769401,0.5279743488765652
5.93779816981943e-11,4.487837532152206e-11,0.0005961714196018875,4.225305383442901e-05,0.0011578570120036602,0.0011578568955883384,7.0117725954332855e-06,0.10516917705535889,0.0007353443070314825,0.4977504454131535,0.5327582601839916
6.1836188947062e-11,4.6992167102022364e-11,0.0005972831859253347,4.188665479887277e-05,0.0011574664385989308,0.0011574664385989308,6.946600024093641e-06,0.10382647812366486,0.0007085737306624651,0.5016334071724524,0.5370556016224335
6.437319427510246e-11,4.9254537948240085e-11,0.0005974264931865036,4.1568153392290697e-05,0.0011551190400496125,0.0011551190400496125,6.998529897828121e-06,0.10798031091690063,0.0007037218892946839,0.5057032904637027,0.5413666821304389
6.706223076857754e-11,5.159876345639525e-11,0.0005943431751802564,4.0650233131600544e-05,0.001152902259491384,0.001152902259491384,7.061166343191871e-06,0.09946084022521973,0.0006850326317362487,0.5102853059354292,0.5453345881993398
6.983065514720721e-11,5.401580224773106e-11,0.0005985694006085396,4.1078063077293336e-05,0.001159260398708284,0.001159260398708284,6.97006362315733e-06,0.10310667753219604,0.0006743950070813298,0.514689756866732,0.549107075508325
7.275836183540108e-11,5.6598076919600615e-11,0.0005918419919908047,4.0632643504068255e-05,0.0011559262638911605,0.0011559262638911605,7.127257049432956e-06,0.10357857495546341,0.0006599797634407878,0.517723436013814,0.5522682340451197
7.581019145774803e-11,5.910247291573967e-11,0.0005886104772798717,4.0346323658013716e-05,0.0011539974948391318,0.0011539974948391318,7.114870186342159e-06,0.10194940865039825,0.0006423189188353717,0.5196858912813385,0.555199274328824
7.898270926176565e-11,6.183704243101218e-11,0.0005923364660702646,3.981642657890916e-05,0.0011530418414622545,0.0011530417250469327,7.002096936048474e-06,0.1007164791226387,0.0006256692577153444,0.5207432371830112,0.5571869464824901
8.230467002379172e-11,6.471208985336929e-11,0.000589877599850297,3.9797065255697817e-05,0.0011550755007192492,0.0011550755007192492,7.034269856376341e-06,0.09715370833873749,0.0006203147931955755,0.520911702854965,0.5582879950851594
8.562472258999421e-11,6.768029886528026e-11,0.0005864442209713161,3.926447971025482e-05,0.0011498936219140887,0.0011498936219140887,7.070163974276511e-06,0.10267653316259384,0.0006101639592088759,0.5215683779329168,0.5593802496164527
8.910037985199182e-11,7.074881652746612e-11,0.0005860914243385196,3.950384780182503e-05,0.0011531127383932471,0.0011531127383932471,7.073027973092394e-06,0.10325627028942108,0.000602251326199621,0.5216207618307072,0.5600602997370973
9.268841943965711e-11,7.386518480201332e-11,0.0005832815659232438,3.898875729646534e-05,0.0011479781242087483,0.0011479781242087483,7.1067506723920815e-06,0.10049845278263092,0.0005972966318950057,0.522168690740471,0.5608965029464767
9.635750530812004e-11,7.711820071421016e-11,0.0005808222340419888,3.875263791996986e-05,0.0011487201554700732,0.001148720271885395,7.210900093923556e-06,0.09490624815225601,0.0005865002167411149,0.5230639356682708,0.5621059686423489
1.0007900758113308e-10,8.051693339838906e-11,0.0005805831169709563,3.8744583434890956e-05,0.001146718510426581,0.001146718510426581,7.111034847184783e-06,0.09612409770488739,0.0005745050148107111,0.5261753500852508,0.5649779436944936
1.0408970907427317e-10,8.397214867894576e-11,0.0005806937115266919,3.861179720843211e-05,0.0011545522138476372,0.0011545522138476372,7.100772108969977e-06,0.1001962199807167,0.0005674707936123013,0.5300597011658356,0.5680947880896067
1.0819983103926845e-10,8.752717994831016e-11,0.0005776960169896483,3.8593563658650964e-05,0.0011542231077328324,0.0011542229913175106,7.196194474090589e-06,0.10253951698541641,0.0005550507339648902,0.5344212680740116,0.5706040547728459
1.1243625475110264e-10,9.121355060148773e-11,0.0005745700327679515,3.826110696536489e-05,0.0011573872761800885,0.0011573872761800885,7.140211437217658e-06,0.09949328005313873,0.0005486828158609569,0.5401141312704836,0.5741124586816284
1.167718977068688e-10,9.497073960584856e-11,0.0005755161982960999,3.8196416426217183e-05,0.001148758688941598,0.001148758688941598,7.2734919740469195e-06,0.10304118692874908,0.0005424843402579427,0.5449684723415634,0.576966508762192
1.2134494797866324e-10,9.882691887064254e-11,0.000574600649997592,3.8524700357811525e-05,0.0011511456687003374,0.0011511456687003374,7.180537522799568e-06,0.09849487990140915,0.000534839928150177,0.5491686431736915,0.57927983087553
1.2607953570054065e-10,1.0279453677153327e-10,0.0005763774388469756,3.822358848992735e-05,0.0011512577766552567,0.0011512577766552567,7.239135356940096e-06,0.09958785027265549,0.0005280841724015772,0.553073894737213,0.5811941172525744
1.3094389461620892e-10,1.06821294865167e-10,0.0005705673829652369,3.7639238144038245e-05,0.0011496541555970907,0.0011496541555970907,7.1090416895458475e-06,0.09604097157716751,0.000519243476446718,0.556755147469913,0.5833296628087262
1.3596972159302112e-10,1.1094979102121982e-10,0.0005696049192920327,3.773178468691185e-05,0.0011474575148895383,0.0011474575148895383,7.1856475187814794e-06,0.09822197258472443,0.0005128668854013085,0.5597341985253679,0.5849979970787752
1.4107676138408465e-10,1.151162221102453e-10,0.0005647160578519106,3.738696614163928e-05,0.0011407228885218501,0.0011407228885218501,7.23394578017178e-06,0.09517478942871094,0.0005010472959838808,0.5622141403921449,0.5866303994972168
1.4616612087348102e-10,1.1939355060164303e-10,0.0005666415090672672,3.726750583155081e-05,0.001142991241067648,0.0011429913574829698,7.222129170258995e-06,0.09757710993289948,0.0005053393542766571,0.5637369186447783,0.5878571391545102
1.5131701447401724e-10,1.2379504366055727e-10,0.000568134302739054,3.712778561748564e-05,0.001147202798165381,0.001147202798165381,7.248838755913312e-06,0.09893080592155457,0.00048186525236815214,0.5646016602778983,0.5885285628871935
1.565553520155305e-10,1.2828901829742279e-10,0.0005629692459478974,3.6864341382170096e-05,0.001142437569797039,0.001142437569797039,7.250332146213623e-06,0.09607543796300888,0.0004894065787084401,0.5652696701965213,0.5891554848425894
1.6201315289343654e-10,1.3294436385091757e-10,0.0005628734943456948,3.661217851913534e-05,0.0011379538336768746,0.0011379538336768746,7.238729267555755e-06,0.09429670870304108,0.0004910699208267033,0.5658703536316781,0.5896104727683653
1.6752431386546363e-10,1.3771750406732508e-10,0.0005646320059895515,3.653914973256178e-05,0.0011410678271204233,0.0011410677107051015,7.255157015606528e-06,0.09493435174226761,0.0004935706965625286,0.566361315727059,0.5902061040314375
1.73032782546656e-10,1.425226464624174e-10,0.0005663776537403464,3.643101081252098e-05,0.0011352411238476634,0.0011352411238476634,7.2862007982621435e-06,0.09476055204868317,0.0004945184336975217,0.5668497559358566,0.5910322054323619
1.787773123984593e-10,1.4753820387625183e-10,0.0005639551091007888,3.6324141547083855e-05,0.0011399431386962533,0.0011399431386962533,7.257896413648268e-06,0.09565199166536331,0.0004790032107848674,0.5668075001217558,0.5920544368603576
1.845637948028056e-10,1.5269956132879514e-10,0.0005646864301525056,3.5948796721640974e-05,0.001137209008447826,0.001137209008447826,7.18838737157057e-06,0.09251336008310318,0.0004747498605865985,0.5663958691416785,0.5927294714894101
1.9037876830552136e-10,1.5799452024456428e-10,0.0005591491353698075,3.597929753595963e-05,0.0011346356477588415,0.0011346356477588415,7.280856607394526e-06,0.09667303413152695,0.00046966454829089344,0.5678290356838808,0.5946462655413736
1.9637783066350778e-10,1.632855101130204e-10,0.000563967798370868,3.616371031966992e-05,0.0011331681162118912,0.0011331681162118912,7.327076673391275e-06,0.0917942002415657,0.00046184001257643104,0.5696730319851455,0.5966032935480421
2.0262190536524116e-10,1.686466383210572e-10,0.0005615089321509004,3.5782188206212595e-05,0.0011356977047398686,0.0011356975883245468,7.305359758902341e-06,0.09310963749885559,0.00044724586769007146,0.5710976595833109,0.5981655035434928
2.0892550189888226e-10,1.7404669372389492e-10,0.0005587400519289076,3.536498479661532e-05,0.0011329599656164646,0.0011329599656164646,7.386496235994855e-06,0.09265942871570587,0.00044595764484256506,0.5725801697425873,0.5993424651061984
2.1538727745795683e-10,1.7967581589228843e-10,0.0005615453119389713,3.562992060324177e-05,0.0011352741857990623,0.0011352741857990623,7.232152711367235e-06,0.09641088545322418,0.0004375085118226707,0.5736924672081349,0.6003388598704755
2.217245692603953e-10,1.8546905677929715e-10,0.0005602348828688264,3.586872117011808e-05,0.0011326312087476254,0.0011326312087476254,7.30732381271082e-06,0.09602334350347519,0.00042655353900045156,0.574362267472765,0.6009422597614843
2.2814461431153177e-10,1.9132004314137419e-10,0.0005643325857818127,3.614689558162354e-05,0.0011292851995676756,0.0011292851995676756,7.360396466538077e-06,0.09449663758277893,0.00042015823419205844,0.57524349591438,0.6018931825736095
2.3461424469850556e-10,1.970122120997786e-10,0.0005631311796605587,3.59129007847514e-05,0.0011357200564816594,0.0011357200564816594,7.317592462641187e-06,0.09485403448343277,0.0004149640444666147,0.5764762487869564,0.6028947489062185
2.4117022268121957e-10,2.0253006216552905e-10,0.0005600801086984575,3.600971831474453e-05,0.001128682168200612,0.001128682168200612,7.313051355595235e-06,0.10256348550319672,0.0004092926101293415,0.5769696920673849,0.6035177556914733
2.475899762988121e-10,2.0782002507768738e-10,0.0005621341988444328,3.549532266333699e-05,0.0011289167450740933,0.0011289167450740933,7.295130671991501e-06,0.0909729078412056,0.0004127938882447779,0.577552191066326,0.6038617655376104
2.5398358416417466e-10,2.133126036918398e-10,0.0005608130595646799,3.555131843313575e-05,0.0011266835499554873,0.0011266835499554873,7.299389380932553e-06,0.09221278876066208,0.00038992828922346234,0.5776946232203103,0.6038633762002955
2.603034177095509e-10,2.189985276457307e-10,0.0005583464517258108,3.5045781260123476e-05,0.0011182398302480578,0.0011182398302480578,7.3144065027008764e-06,0.09537602961063385,0.0003969594254158437,0.5775306409593938,0.6037793448159313
2.667696619162996e-10,2.2492674389695821e-10,0.0005602561868727207,3.5473465686663985e-05,0.0011190961813554168,0.0011190961813554168,7.298086984519614e-06,0.08962558209896088,0.0003912220417987555,0.5779153597826535,0.6036311152786568
2.733522852516046e-10,2.3088175815644263e-10,0.0005556211108341813,3.553088026819751e-05,0.0011158206034451723,0.0011158206034451723,7.262763574544806e-06,0.0934533178806305,0.00037576426984742284,0.5780168354409588,0.6035249468008631
2.8005717189749646e-10,2.3675811311463235e-10,0.0005620334413833916,3.5477743949741125e-05,0.0011152711231261492,0.0011152710067108274,7.338838258874603e-06,0.0943261981010437,0.0003912584506906569,0.5791915498297454,0.6039905508246989
2.868517090526268e-10,2.425254719273795e-10,0.0005607852945104241,3.5444558307062835e-05,0.0011188763892278075,0.0011188765056431293,7.305417057068553e-06,0.09082765132188797,0.00036866695154458284,0.5801127621216424,0.6044821235785033
2.935147125349147e-10,2.480091687573349e-10,0.0005585170001722872,3.537261363817379e-05,0.0011149129131808877,0.0011149129131808877,7.207487215055153e-06,0.09342186897993088,0.0003806772001553327,0.5816465080051597,0.6051704736807066
3.0029345676751973e-10,2.534100707052289e-10,0.0005630956729874015,3.560745972208679e-05,0.0011169586796313524,0.0011169586796313524,7.328261290240334e-06,0.09480935335159302,0.0003674888866953552,0.5831995243161512,0.6058874685229825
3.070077803091209e-10,2.5857874175194695e-10,0.0005610270891338587,3.519294114084914e-05,0.0011144299060106277,0.0011144299060106277,7.2572302087792195e-06,0.09590929746627808,0.0003617072943598032,0.58475690237931,0.6066783619703121
3.138808934988191e-10,2.641262486502427e-10,0.0005570061621256173,3.509183443384245e-05,0.0011105939047411084,0.0011105939047411084,7.319828000618145e-06,0.09231694787740707,0.00036192560219205916,0.5866173897275182,0.6074059178437635
3.204715104399014e-10,2.696212975106249e-10,0.0005590826622210443,3.51000162481796e-05,0.0011101007694378495,0.0011101007694378495,7.255986474774545e-06,0.09521937370300293,0.00037721541593782604,0.5880489139307498,0.6075518025382441
3.2686592321695684e-10,2.7504254429544517e-10,0.0005571177462115884,3.515233038342558e-05,0.0011164755560457706,0.0011164755560457706,7.31363388695172e-06,0.09106561541557312,0.0003557384479790926,0.5894643343751199,0.6076316111015523
3.331916409443636e-10,2.8036406529707847e-10,0.0005541349528357387,3.476479105302133e-05,0.0011088707251474261,0.0011088707251474261,7.292057944141561e-06,0.09453532099723816,0.0003774595388676971,0.5906498708639698,0.6074990209080633
3.394737269069026e-10,2.854957659170765e-10,0.0005562622682191432,3.4793800296029076e-05,0.001111024059355259,0.001111024059355259,7.218627615657169e-06,0.09397685527801514,0.0003619362832978368,0.591453463025236,0.6072214812842099
3.4573158225192913e-10,2.906258567136888e-10,0.0005566122708842158,3.4501128538977355e-05,0.0011087042512372136,0.0011087042512372136,7.261794962687418e-06,0.09013962745666504,0.0003672933380585164,0.5922858481957551,0.6073873541726413
3.518113300682302e-10,2.9557367664523326e-10,0.0005589876673184335,3.480192754068412e-05,0.0011040163226425648,0.0011040163226425648,7.3719147621886805e-06,0.09216230362653732,0.0003664471732918173,0.5929988645030951,0.6071850825591895
3.5764888273170925e-10,3.005224957774999e-10,0.0005554259405471385,3.4986391256097704e-05,0.0011077694362029433,0.0011077694362029433,7.235033990582451e-06,0.09118042886257172,0.0003619893977884203,0.5934506341917909,0.6068370827148961
3.6340178088956065e-10,3.055079800251548e-10,0.0005553493392653763,3.483301406959072e-05,0.0011080517433583736,0.0011080517433583736,7.337321676459396e-06,0.09436450898647308,0.0003570280969142914,0.593728004579218,0.6062367219151829
3.687764815740735e-10,3.106439550037976e-10,0.0005551030044443905,3.485821434878744e-05,0.0011016761418431997,0.0011016761418431997,7.285344963747775e-06,0.09679491072893143,0.00035335178836248815,0.5931261218663015,0.605087204440532
3.73856806623607e-10,3.155576910884861e-10,0.000550140393897891,3.437904524616897e-05,0.0011029518209397793,0.0011029517045244575,7.2306474976358e-06,0.09339945763349533,0.0003439068386796862,0.5935943566119983,0.6048417339098072
3.789047131608214e-10,3.20563103839433e-10,0.0005519069381989539,3.4018255973933265e-05,0.0011066586012020707,0.0011066586012020707,7.26487405700027e-06,0.09284749627113342,0.0003401905414648354,0.5941262283713236,0.6048252748986845
3.840388840270492e-10,3.2529370863620954e-10,0.0005576906842179596,3.4679458622122183e-05,0.0011022750986739993,0.0011022750986739993,7.357798949669814e-06,0.09115047007799149,0.00034925556974485517,0.5945615406279692,0.6050313295399263
3.89141358025924e-10,3.3016542277941596e-10,0.0005535639356821775,3.395583189558238e-05,0.0011001096572726965,0.0011001096572726965,7.2326056397287175e-06,0.09359398484230042,0.00034478981979191303,0.5946478128205576,0.605089358835295
3.9428468823210494e-10,3.3469790827744816e-10,0.0005533435032702982,3.395724343135953e-05,0.0010990381706506014,0.0010990380542352796,7.2831930992833804e-06,0.09529083967208862,0.00034411539672873914,0.5952412748323828,0.605803375988376
3.9930767026241654e-10,3.388330171993914e-10,0.0005542870494537055,3.4054330171784386e-05,0.0011018859222531319,0.0011018859222531319,7.318100415432127e-06,0.09562843292951584,0.00033348434953950346,0.59547311522055,0.6063917208762744
4.0402753365142985e-10,3.4311253838126277e-10,0.0005571739166043699,3.424183887545951e-05,0.0011027217842638493,0.0011027217842638493,7.381062005151762e-06,0.09660805761814117,0.00034853661782108247,0.5954687962750991,0.6068125970700365
4.090202065931692e-10,3.4736158394110817e-10,0.0005589936044998467,3.41529339493718e-05,0.0010971068404614925,0.0010971068404614925,7.401527909678407e-06,0.09153429418802261,0.00035181795828975737,0.5954491399526947,0.6072736998626967
4.139109333056723e-10,3.514542545879351e-10,0.0005571789224632084,3.3904259908013046e-05,0.0010955228935927153,0.0010955228935927153,7.328319043153897e-06,0.09649156779050827,0.0003542714985087514,0.5951299626316974,0.6074737274763784
4.183345059249888e-10,3.5551303567693537e-10,0.0005557576660066843,3.410242061363533e-05,0.0010970898438245058,0.001097089727409184,7.275667940120911e-06,0.10550151765346527,0.000366306136129424,0.5946331908083502,0.607755581539224
4.2129080779496064e-10,3.5932390396453684e-10,0.0005545897292904556,3.384800220374018e-05,0.001104222610592842,0.001104222610592842,7.29513021724415e-06,0.09232247620820999,0.0003683267568703741,0.5948128273763236,0.6079543472294123
4.2474887496091185e-10,3.6318262286449965e-10,0.0005581870791502297,3.378493420314044e-05,0.0010962473461404443,0.0010962473461404443,7.271222784765996e-06,0.09235214442014694,0.000376280426280573,0.5952184550375818,0.6082230189436445
4.28337865177042e-10,3.671913051395137e-10,0.000558135041501373,3.389055564184673e-05,0.0010966372210532427,0.0010966371046379209,7.22540471542743e-06,0.09138458967208862,0.000373583025066182,0.5951008003248646,0.6084907342237795
4.32115260240451e-10,3.7137085073801757e-10,0.0005597776034846902,3.417026164242998e-05,0.0010955090401694179,0.0010955090401694179,7.36436822990072e-06,0.09165067970752716,0.00038026244146749377,0.5944668246500824,0.6086112129866991
4.358136074245067e-10,3.75299930022166e-10,0.0005547871696762741,3.373638173798099e-05,0.0010953594464808702,0.0010953594464808702,7.376154826488346e-06,0.09150003641843796,0.00037017418071627617,0.5945798410610023,0.6090065736964043
4.3937012361716654e-10,3.7935707353220494e-10,0.0005600288277491927,3.4590455470606685e-05,0.00109730230178684,0.00109730230178684,7.394842668873025e-06,0.09423387795686722,0.0003847312182188034,0.5948330747039152,0.6093763869987135
4.4256004416709516e-10,3.8321951167930024e-10,0.0005589851061813533,3.382585782674141e-05,0.0010934168240055442,0.0010934168240055442,7.328062565647997e-06,0.09484049677848816,0.00037709297612309456,0.5955955684260884,0.6099849037183998
4.4503672969042896e-10,3.870252451854128e-10,0.000560969056095928,3.386516618775204e-05,0.001090725651010871,0.001090725651010871,7.3232740760431625e-06,0.09303075820207596,0.0003641584189608693,0.596998326019315,0.6106772870803234
4.4760198325555223e-10,3.9070549573416713e-10,0.0005633961991406977,3.4432392567396164e-05,0.0010942838853225112,0.0010942837689071894,7.313863079616567e-06,0.08851271122694016,0.000362225720891729,0.5986338502774322,0.6112656900528408
4.500120276418329e-10,3.9421069186751367e-10,0.0005623440956696868,3.370792910573073e-05,0.0011011036112904549,0.0011011036112904549,7.303934580704663e-06,0.09186333417892456,0.00036156323039904237,0.6007598162314397,0.6119104358403473
4.5261863701462346e-10,3.9748865310329506e-10,0.0005600184667855501,3.3588570659048855e-05,0.0010996732162311673,0.0010996733326464891,7.363092663581483e-06,0.09424689412117004,0.0003754491335712373,0.6037509231766924,0.6128694159803382
4.545308296410866e-10,3.999140463228912e-10,0.000561658525839448,3.4222939575556666e-05,0.001091511338017881,0.001091511338017881,7.274052222783212e-06,0.08972793072462082,0.0003584986552596092,0.6071461335749336,0.6139437957549848
4.5664602654760245e-10,4.0212969065756e-10,0.0005580423166975379,3.406909672776237e-05,0.0010960468789562583,0.0010960468789562583,7.277244549186435e-06,0.0888449177145958,0.0003492593241389841,0.6104092989722602,0.6152666203825787
4.588047441966836e-10,4.042380596924744e-10,0.0005573499947786331,3.392831058590673e-05,0.0010945923859253526,0.0010945923859253526,7.304913197003771e-06,0.09495572000741959,0.0003544588398654014,0.613766383962725,0.6170046272931704
4.6076753523749403e-10,4.062478409228021e-10,0.0005620220908895135,3.4239328670082614e-05,0.0010881966445595026,0.0010881966445595026,7.320898021134781e-06,0.09483987838029861,0.00033483802690170705,0.6162870229340662,0.6187311682969551
4.624208793657658e-10,4.083581528480096e-10,0.0005605107289738953,3.3954285754589364e-05,0.0010893602157011628,0.001089360099285841,7.30082456357195e-06,0.09295818954706192,0.0003329771279823035,0.6184277680226218,0.6203073024078241
4.640010597967148e-10,4.0987402361025715e-10,0.000562654051464051,3.413559898035601e-05,0.0010889703407883644,0.0010889703407883644,7.220271072583273e-06,0.09065601229667664,0.00033918870030902326,0.620559540194351,0.6217290160614101
4.6538567444187606e-10,4.1149930685158154e-10,0.0005620366428047419,3.3773139875847846e-05,0.001088874414563179,0.001088874414563179,7.332172572205309e-06,0.08744647353887558,0.0003208710695616901,0.622382610407506,0.6231428482483667
4.669398756540488e-10,4.13250156316991e-10,0.0005608703359030187,3.370359627297148e-05,0.0010890536941587925,0.0010890536941587925,7.257738616317511e-06,0.09183890372514725,0.00030311293085105717,0.6241771059713026,0.6244813568497822
4.683592957910321e-10,4.150340071618075e-10,0.0005651313113048673,3.3734962926246226e-05,0.001083667972125113,0.001083667972125113,7.324782018258702e-06,0.09066921472549438,0.00031499171745963395,0.6255831901826898,0.6258217358520098
4.698472166886347e-10,4.1675407569385925e-10,0.0005639322916977108,3.3907577744685113e-05,0.0010821048635989428,0.0010821048635989428,7.248966539918911e-06,0.09172531217336655,0.00031782727455720305,0.6259475533434841,0.6266367313785928
4.713680556989175e-10,4.1814335327572394e-10,0.0005631260573863983,3.448977804509923e-05,0.00108611851464957,0.00108611851464957,7.275159987329971e-06,0.08646242320537567,0.0003093169070780277,0.6256687125692929,0.6269727012448288
4.731134928270819e-10,4.1970882325159664e-10,0.0005615324480459094,3.372746505192481e-05,0.0010845300275832415,0.0010845299111679196,7.240502782224212e-06,0.09156863391399384,0.0003047058708034456,0.6247563771838288,0.6269836676294752
4.748100801421629e-10,4.2104877917559236e-10,0.0005589901702478528,3.354902582941577e-05,0.0010847095400094986,0.0010847095400094986,7.321667453652481e-06,0.09016115218400955,0.0003080659662373364,0.6240219612796455,0.6269818407082934
4.761792626872818e-10,4.2264849953177475e-10,0.000566130387596786,3.387351171113551e-05,0.001086735283024609,0.001086735283024609,7.365955752902664e-06,0.09066389501094818,0.00029550152248702943,0.6233450528530112,0.6270174230443079
4.776573581111165e-10,4.2420564283496276e-10,0.0005614809924736619,3.367053795955144e-05,0.001084108604118228,0.001084108604118228,7.381672730844002e-06,0.09263720363378525,0.00029133824864402413,0.6226684253656298,0.6271759179193845
4.791927410430219e-10,4.2581477233127885e-10,0.0005596944829449058,3.329236642457545e-05,0.0010800829622894526,0.0010800829622894526,7.283461854967754e-06,0.08740895986557007,0.0002775744942482561,0.6219737901464076,0.6272455779997821
4.805090769721687e-10,4.274408604842961e-10,0.0005599329597316682,3.356791057740338e-05,0.001080700778402388,0.0010807006619870663,7.26261669115047e-06,0.08967943489551544,0.00028979661874473095,0.6211174336834773,0.6272744777713847
4.818297982822628e-10,4.288896460202807e-10,0.0005598596762865782,3.312083208584227e-05,0.001088994788005948,0.001088994788005948,7.297334377653897e-06,0.08774974197149277,0.0002807184064295143,0.6200403417617321,0.6272277196570492
4.833393685288456e-10,4.296257793967584e-10,0.0005580967990681529,3.3545064070494846e-05,0.0010862102499231696,0.0010862102499231696,7.333880603255238e-06,0.09216030687093735,0.00027759812655858696,0.6201082008243011,0.627566605551521
4.846808510095002e-10,4.3110093272957783e-10,0.0005602053715847433,3.3435298973927274e-05,0.0010828091762959957,0.0010828091762959957,7.258403002197156e-06,0.09068121761083603,0.00028331411886028945,0.6205477538925249,0.6277535291623247
4.858793922757343e-10,4.328753744342606e-10,0.0005595232942141593,3.3041877031791955e-05,0.0010838685557246208,0.0010838685557246208,7.302675840037409e-06,0.09203442931175232,0.0002767344703897834,0.6214370314960099,0.6282574527586378
4.869300518350883e-10,4.3451764408786175e-10,0.0005619692383334041,3.3378095395164564e-05,0.0010856863809749484,0.0010856863809749484,7.354717126872856e-06,0.09138060361146927,0.00029327382799237967,0.6226335554568323,0.6294832772128556
4.880292281406184e-10,4.3625320023110703e-10,0.0005612999084405601,3.338184251333587e-05,0.001085418276488781,0.001085418276488781,7.228430604300229e-06,0.08798307180404663,0.00030337824136950076,0.6236781316129713,0.6304615268573739
4.890345350894165e-10,4.3776363090053394e-10,0.0005622560274787247,3.3440413972130045e-05,0.0010906718671321869,0.0010906718671321869,7.273477422131691e-06,0.09304030984640121,0.00027095837867818773,0.625242192076959,0.6316534144227376
4.900868044721562e-10,4.3927120274567244e-10,0.000559031730517745,3.354876025696285e-05,0.0010832706466317177,0.0010832706466317177,7.251356237247819e-06,0.09041793644428253,0.0002769396814983338,0.6269309297245665,0.6326082671221435
4.913389695104797e-10,4.4082476557960604e-10,0.0005569487693719566,3.32225754391402e-05,0.0010902797803282738,0.0010902798967435956,7.30880628907471e-06,0.09195061028003693,0.0002741997013799846,0.6287002849744412,0.6331543077027384
4.923627616726378e-10,4.41938180495427e-10,0.0005574784590862691,3.35905424435623e-05,0.0010885358788073063,0.0010885358788073063,7.2586763053550385e-06,0.08906669914722443,0.000274475576588884,0.6302071081326622,0.6335204133964623
4.930133523650682e-10,4.427596900224984e-10,0.0005606173654086888,3.359268157510087e-05,0.001085770665667951,0.001085770665667951,7.34257127987803e-06,0.0887504443526268,0.0002647247747518122,0.6313343486483067,0.6334712762771879
4.93438900850407e-10,4.4340783822427454e-10,0.0005590721848420799,3.3743457606760785e-05,0.0010799705050885677,0.0010799706215038896,7.298994205484632e-06,0.09021084010601044,0.00025182176614180207,0.6319473698322882,0.6336878321108074
4.937159570062022e-10,4.440343370770705e-10,0.0005571127403527498,3.343872231198475e-05,0.0010860506445169449,0.0010860506445169449,7.240750619530445e-06,0.08645366877317429,0.0002539284178055823,0.6322938951978733,0.6337582004016298
4.942892761761186e-10,4.44659642440115e-10,0.0005643278127536178,3.3450847695348784e-05,0.0010873554274439812,0.0010873554274439812,7.3039805101871025e-06,0.08809519559144974,0.0002559779677540064,0.6322096280192258,0.6335929680009124
4.945650555754355e-10,4.454062396685998e-10,0.0005619389121420681,3.3298438211204484e-05,0.001082644914276898,0.001082644914276898,7.273883056768682e-06,0.08773888647556305,0.00023657179553993046,0.6319709995369579,0.633249902182413
4.945019393964856e-10,4.4608683413827066e-10,0.0005627763457596302,3.334224675199948e-05,0.001089721918106079,0.001089721918106079,7.213277967821341e-06,0.0890694335103035,0.00024337692593690008,0.631740432566158,0.6328059685642606
4.944105680415589e-10,4.468392045264835e-10,0.0005626872298307717,3.330867912154645e-05,0.0010784197365865111,0.0010784196201711893,7.239598289743299e-06,0.09042048454284668,0.00025619519874453545,0.6314697305253018,0.632551459058911
4.941881348585753e-10,4.4734810300539607e-10,0.0005583962774835527,3.279834709246643e-05,0.0010819298913702369,0.0010819298913702369,7.220977749966551e-06,0.08872181177139282,0.00024082550953608006,0.630843505147334,0.63240689630005
4.93947549529139e-10,4.480727733291445e-10,0.0005649439990520477,3.336615191074088e-05,0.001081936527043581,0.001081936527043581,7.252260274981381e-06,0.09005245566368103,0.00024748267605900764,0.6303263171590935,0.6321818471254829
4.935443720377464e-10,4.488986959927388e-10,0.0005647973157465458,3.3240659831790254e-05,0.0010803063632920384,0.0010803063632920384,7.223686679935781e-06,0.08874745666980743,0.00025049527175724506,0.6298643289433608,0.6321207623400874
4.932907415877708e-10,4.4948431088265295e-10,0.0005605875630863011,3.2713989639887586e-05,0.0010814489796757698,0.001081448863260448,7.250436738104327e-06,0.08887878805398941,0.00023923600383568555,0.6291817912535898,0.6321846684833795
4.930039709805101e-10,4.4993578307561677e-10,0.0005607541534118354,3.334313805680722e-05,0.0010882565984502435,0.0010882565984502435,7.212007858470315e-06,0.09319155663251877,0.00025656147045083344,0.6284674230779018,0.6322817731595021
4.930105212963554e-10,4.502437589426478e-10,0.0005645644851028919,3.323579585412517e-05,0.0010783127509057522,0.0010783127509057522,7.372756499535171e-06,0.09074527025222778,0.00024070926883723587,0.6277236455290681,0.6323639326782726
4.928613073218457e-10,4.5059481146303426e-10,0.0005669686361216009,3.3524225727887824e-05,0.001076670247130096,0.0010766701307147741,7.295040177268675e-06,0.08988391607999802,0.00022907729726284742,0.6271853694078363,0.6325548142757679
4.929713859347373e-10,4.5130227332990103e-10,0.0005666532670147717,3.302026379969902e-05,0.0010790404630824924,0.0010790404630824924,7.248990186781157e-06,0.09199943393468857,0.00023313364363275468,0.6263300839759182,0.6327296971206705
4.9334120122424e-10,4.520411822639403e-10,0.0005578238051384687,3.247230051783845e-05,0.001079800073057413,0.001079800189472735,7.299765456991736e-06,0.08737064152956009,0.00021818977256771177,0.6260243082259895,0.6330311514213122
4.935931108285274e-10,4.5271894566489834e-10,0.0005622127209790051,3.2709463994251564e-05,0.0010772120440378785,0.0010772121604532003,7.36013635105337e-06,0.08864767104387283,0.0002486723242327571,0.625794678725407,0.6332872756683438
4.939249009794366e-10,4.5340337040400414e-10,0.0005611334345303476,3.295544593129307e-05,0.0010764728067442775,0.0010764726903289557,7.311813078558771e-06,0.08929657936096191,0.00021936115808784962,0.6257070595889896,0.6336130957058651
4.947135479049791e-10,4.539902898059722e-10,0.0005646143108606339,3.27581656165421e-05,0.0010824846103787422,0.0010824843775480986,7.302543508558301e-06,0.09096169471740723,0.00021372029732447118,0.6253393709567766,0.6339630869530931
4.953547017017002e-10,4.5448159124994447e-10,0.0005592374363914132,3.2332754926756024e-05,0.0010766886407509446,0.0010766886407509446,7.337365786952432e-06,0.08835437148809433,0.00021976752032060176,0.6252761864511568,0.6344642626235589
4.95834262537187e-10,4.5498055323278663e-10,0.0005580120487138629,3.25530199916102e-05,0.0010800105519592762,0.0010800105519592762,7.287746484507807e-06,0.08973339945077896,0.0002111481735482812,0.6252273492722623,0.6347789422403286
4.959739841048361e-10,4.5518999680638217e-10,0.000559418520424515,3.2290725357597694e-05,0.0010711413342505693,0.0010711413342505693,7.284592356882058e-06,0.09166965633630753,0.00022643290867563337,0.6251735877537521,0.6348766976836312
4.963165434190842e-10,4.5553577576740167e-10,0.0005591426743194461,3.222495797672309e-05,0.0010823637712746859,0.0010823637712746859,7.309959073609207e-06,0.09271244704723358,0.00021655317686963826,0.6253643625514884,0.6348709316354496
4.966573263764928e-10,4.55966486789805e-10,0.000557935971301049,3.2301544706569985e-05,0.0010744818719103932,0.0010744818719103932,7.284163075382821e-06,0.08935344219207764,0.00021564532653428614,0.6256185426416485,0.6344457067579241
4.970581168883825e-10,4.5641854184985675e-10,0.0005585439503192902,3.203159576514736e-05,0.0010811887914314866,0.0010811887914314866,7.360734343819786e-06,0.09418671578168869,0.0002245420910185203,0.6256974873113774,0.634180406282436
4.971090206140616e-10,4.57004295517649e-10,0.0005589576321654022,3.24438042298425e-05,0.0010801622411236167,0.0010801623575389385,7.343189736275235e-06,0.09425671398639679,0.0002224568888777867,0.625773829018235,0.6338250936268396
4.973001455077508e-10,4.5766224143761747e-10,0.0005543768056668341,3.24364700645674e-05,0.0010779094882309437,0.0010779094882309437,7.252360319398576e-06,0.09620152413845062,0.00020109186880290508,0.6262005820568085,0.6334151375342103
4.973207956560088e-10,4.5817810656600955e-10,0.0005579106509685516,3.244497565901838e-05,0.0010753166861832142,0.0010753166861832142,7.341103355429368e-06,0.08831403404474258,0.00020222869352437556,0.6265727139315919,0.6327173340084383
4.972318667917364e-10,4.5852843744143e-10,0.0005576253752224147,3.211500006727874e-05,0.0010769673390313983,0.0010769674554467201,7.230858500406612e-06,0.09113860875368118,0.0002091749629471451,0.6271362923459485,0.6322402359799248
4.970791556146992e-10,4.588252000559123e-10,0.0005580863216891885,3.242630191380158e-05,0.0010842025512829423,0.0010842025512829423,7.3267947300337255e-06,0.08704062551259995,0.00020781181228812784,0.6275520493190752,0.6317097077482525
4.969720190928228e-10,4.5893908118266324e-10,0.0005515950033441186,3.193333395756781e-05,0.0010754442773759365,0.0010754443937912583,7.309410193556687e-06,0.0892564058303833,0.00019419155432842672,0.6279467728309046,0.6313935701343412
4.967648514764278e-10,4.591068358816841e-10,0.0005604482139460742,3.266641215304844e-05,0.0010758059797808528,0.0010758059797808528,7.402134087897139e-06,0.09068234264850616,0.00018459280545357615,0.6278702342393111,0.6311434477738759
4.968769840019149e-10,4.594454539041948e-10,0.0005527594476006925,3.211909643141553e-05,0.0010795454727485776,0.0010795454727485776,7.292433565453393e-06,0.08730485290288925,0.00019731317297555506,0.6278370827867631,0.6309754467929106
4.969817335442883e-10,4.5939174686537854e-10,0.0005585248582065105,3.2459196518175304e-05,0.0010835586581379175,0.0010835586581379175,7.319590167753631e-06,0.09066946804523468,0.00018665153766050935,0.6275690742126954,0.6307258034462208
4.967232736241556e-10,4.5930542702521393e-10,0.0005528889014385641,3.248087887186557e-05,0.0010818406008183956,0.0010818404844030738,7.260880465764785e-06,0.08822593837976456,0.00019745649478863925,0.627137843185679,0.6304653446556252
4.962765753901976e-10,4.591618474325543e-10,0.0005535038653761148,3.19961181958206e-05,0.001076596206985414,0.001076596206985414,7.319614269363228e-06,0.09100980311632156,0.00019116501789540052,0.6270132235351905,0.6305999747860298
4.954359700271027e-10,4.592445035367376e-10,0.0005542402504943311,3.2067273423308507e-05,0.0010723862797021866,0.0010723862797021866,7.185404683696106e-06,0.09038479626178741,0.0001914963941089809,0.6268576532718726,0.6308523602029296
4.949434195822278e-10,4.592117797130868e-10,0.0005521703860722482,3.205027314834297e-05,0.0010855932487174869,0.0010855932487174869,7.3352621257072315e-06,0.08931300789117813,0.00018896552501246333,0.6266927962371611,0.6309826420804643
3.742475513518473e-12,3.1753085404095938e-12,0.001019743736833334,0.00035682637826539576,0.001131198718212545,0.0011311988346278667,5.553139999392442e-06,0.15085294842720032,0.0013888919493183494,-0.04965219174361897,-0.04432551849863474
4.035491558973536e-12,3.5042806330320975e-12,0.0010008633835241199,0.00031326396856456995,0.0011508100433275104,0.0011508100433275104,5.59840009373147e-06,0.15074874460697174,0.0013531962176784873,-0.040404258001950785,-0.04680308326798108
4.433003009812753e-12,3.823028699168063e-12,0.0009760417742654681,0.00027726494590751827,0.001178465667180717,0.001178465667180717,5.701538611901924e-06,0.15481804311275482,0.0013439791509881616,-0.0038489398180508246,-0.009460061656168453
4.873505245195364e-12,4.106442616502726e-12,0.0009513193508610129,0.00024356528592761606,0.0011849687434732914,0.0011849686270579696,5.731406872655498e-06,0.15642236173152924,0.0012875485699623823,0.04876189516064356,0.047117011112945646
5.2673525263724486e-12,4.391116810442686e-12,0.0009351636981591582,0.00021751275926362723,0.001201653154566884,0.001201653154566884,5.722362402593717e-06,0.13787029683589935,0.0012691875454038382,0.09393417519115385,0.08194765538146628
5.676475348798116e-12,4.6784230135765714e-12,0.000911037961486727,0.00019357659039087594,0.0012082700850442052,0.0012082700850442052,5.763108674727846e-06,0.16205355525016785,0.0012546273646876216,0.1152522565492861,0.09733785684797726
6.082239746574292e-12,4.933944312141003e-12,0.0008927416638471186,0.00017318864411208779,0.001222113729454577,0.001222113729454577,5.879579475731589e-06,0.14856623113155365,0.0012009147321805358,0.11801971467852321,0.10850314201588943
6.474939508172017e-12,5.211420704698266e-12,0.0008791617001406848,0.0001576375070726499,0.0012298243818804622,0.0012298243818804622,5.948275884293253e-06,0.15940368175506592,0.001185659784823656,0.11419521415809022,0.11635188381362735
6.8702235740680795e-12,5.4782805895825515e-12,0.0008630449301563203,0.00014285536599345505,0.001228813431225717,0.001228813431225717,6.061887688701972e-06,0.13570135831832886,0.0011592451483011246,0.11485081899232065,0.1263854410097061
7.309075220063299e-12,5.763933601243831e-12,0.0008483364363200963,0.00013032423157710582,0.0012241845251992345,0.0012241845251992345,6.049709554645233e-06,0.14956408739089966,0.0011246688663959503,0.11910548685155574,0.13760607766004987
7.791446307581218e-12,6.079302426048594e-12,0.0008401066879741848,0.00012099399464204907,0.001231987844221294,0.0012319879606366158,6.055354788259137e-06,0.13252143561840057,0.001114619430154562,0.12337262483346119,0.14811969226048702
8.302715286123696e-12,6.414202936150248e-12,0.0008277277811430395,0.0001144339912571013,0.001231436268426478,0.0012314363848417997,6.03205626248382e-06,0.12937311828136444,0.001092940685339272,0.13221047305411388,0.160357040535732
8.800258265162508e-12,6.753065120990165e-12,0.0008162041194736958,0.00010728736378950998,0.0012378591345623136,0.0012378591345623136,6.043124813004397e-06,0.1351192593574524,0.0010560217779129744,0.14363543995668,0.17330715519724085
9.229777532537842e-12,7.107613976542471e-12,0.0008051996119320393,0.00010275176464347169,0.0012410759227350354,0.0012410759227350354,6.056766324036289e-06,0.13116851449012756,0.0010478711919859052,0.16100507865582112,0.18824232156861812
9.751571078409071e-12,7.466667908961888e-12,0.0007962253876030445,9.881761798169464e-05,0.001246676198206842,0.001246676198206842,6.2779699874226935e-06,0.14841197431087494,0.0010268287733197212,0.1797783719917778,0.20451876240681133
1.030259037804182e-11,7.824527484268096e-12,0.0007856674492359161,9.53074631979689e-05,0.0012464710744097829,0.0012464710744097829,6.218701855686959e-06,0.13496415317058563,0.0010180880781263113,0.19766808985469017,0.22026975432281742
1.0879455322743148e-11,8.218701760820402e-12,0.0007738862768746912,9.230582509189844e-05,0.001231623929925263,0.001231623929925263,6.269922778301407e-06,0.13125038146972656,0.0010208283783867955,0.21398589589035752,0.2357601245797353
1.1452676480783186e-11,8.60915852496369e-12,0.0007696682587265968,8.982850704342127e-05,0.0012350312899798155,0.0012350312899798155,6.2394187807512935e-06,0.1285327672958374,0.0010041596833616495,0.2297449740012962,0.2509484770837024
1.2065163972063697e-11,9.005677280293778e-12,0.0007588094449602067,8.718620665604249e-05,0.0012467786436900496,0.0012467787601053715,6.294905233517056e-06,0.14373411238193512,0.0009969937382265925,0.24305051733263916,0.26524717234754935
1.267287750433832e-11,9.421313555690869e-12,0.0007495111203752458,8.453825284959748e-05,0.0012429584749042988,0.0012429584749042988,6.399493940989487e-06,0.13348588347434998,0.0009961704490706325,0.25219948435161244,0.27737843421908465
1.3307294502440392e-11,9.85814641724092e-12,0.0007416066364385188,8.182075544027612e-05,0.001231907750479877,0.0012319076340645552,6.327822575258324e-06,0.1272367686033249,0.0009837928228080273,0.2616342807996824,0.28993634139502267
1.3950935025264233e-11,1.0313820110463556e-11,0.00073237280594185,7.984298281371593e-05,0.0012358288513496518,0.0012358288513496518,6.355638106469996e-06,0.1258048266172409,0.0009811895433813334,0.27256439072522554,0.3030177964790849
1.463717341776416e-11,1.080526553648431e-11,0.0007245977176353335,7.798320439178497e-05,0.0012327786535024643,0.0012327786535024643,6.338823368423618e-06,0.12728343904018402,0.0009667288395576179,0.285168527215175,0.31689768249979305
1.537216881564163e-11,1.1322696252813458e-11,0.0007179525564424694,7.55686269258149e-05,0.0012347912415862083,0.0012347912415862083,6.3680618040962145e-06,0.13309374451637268,0.0009651026339270175,0.2957245533349412,0.3303599398549254
1.6141499595279107e-11,1.187957371362458e-11,0.0007099683280102909,7.299299613805488e-05,0.0012388969771564007,0.0012388969771564007,6.474376277765259e-06,0.13163349032402039,0.0009451772202737629,0.306287581868086,0.3430706503845306
1.6910016789606352e-11,1.2453910298859672e-11,0.0007017026655375957,7.066026591928676e-05,0.0012336025247350335,0.0012336025247350335,6.4995883803931065e-06,0.13167107105255127,0.0009331867331638932,0.31724100920218334,0.35503059887316546
1.7728660553495423e-11,1.3053365680026907e-11,0.0006980636389926076,6.909911462571472e-05,0.001224005245603621,0.0012240051291882992,6.408838089555502e-06,0.12414857745170593,0.0009262111852876842,0.32897642113098197,0.3673619024618032
1.857640256897053e-11,1.3686659444678284e-11,0.0006897812709212303,6.711641617584974e-05,0.0012354906648397446,0.0012354906648397446,6.480319825641345e-06,0.12259212881326675,0.0009016288677230477,0.34281881944096726,0.3798380796724952
1.949085857988475e-11,1.4333667065768996e-11,0.0006835560780018568,6.560776091646403e-05,0.0012296851491555572,0.0012296851491555572,6.471518645412289e-06,0.1280369758605957,0.0009009131463244557,0.35667932880581904,0.39206814712741295
2.0417566942709797e-11,1.502216580295812e-11,0.0006797967362217605,6.406169995898381e-05,0.001223700470291078,0.001223700470291078,6.48879176878836e-06,0.11756440997123718,0.0008895510691218078,0.3699410307255076,0.40308718942749777
2.13822900357874e-11,1.574243166380107e-11,0.0006724032573401928,6.232461601030082e-05,0.0012258037459105253,0.0012258037459105253,6.6033421717293095e-06,0.11997701227664948,0.0008875971543602645,0.38177741150937433,0.4135330002583951
2.2384614994930274e-11,1.6505465397220753e-11,0.0006651783478446305,6.084456981625408e-05,0.0012294910848140717,0.0012294910848140717,6.483265224233037e-06,0.12650318443775177,0.0008661767933517694,0.3925693183163557,0.4236934151632868
2.344940908116655e-11,1.729383823645403e-11,0.0006608220282942057,5.9295383834978566e-05,0.0012299604713916779,0.0012299604713916779,6.622900400543585e-06,0.11564823985099792,0.000854671117849648,0.4011702282318121,0.4329930249052158
2.4584383140346944e-11,1.8109656135800734e-11,0.00065686518792063,5.78800099901855e-05,0.0012335401261225343,0.0012335401261225343,6.6902121034218e-06,0.1200307160615921,0.0008336961618624628,0.40842320606496446,0.4415689448259662
2.5820751786698182e-11,1.8982987057269973e-11,0.0006499741575680673,5.704984505428001e-05,0.0012219342170283198,0.0012219343334436417,6.641745585511671e-06,0.1169358566403389,0.0008216426358558238,0.4203404652775276,0.4509585810490961
2.7049017539693132e-11,1.9863151054511086e-11,0.0006493046530522406,5.5682794481981546e-05,0.0012213272275403142,0.0012213272275403142,6.620431577175623e-06,0.11075527966022491,0.0007961129304021597,0.43140590072347584,0.4596494586725424
2.829310917495942e-11,2.0808880660250217e-11,0.0006451931549236178,5.553154551307671e-05,0.0012198579497635365,0.0012198579497635365,6.60919567962992e-06,0.12052300572395325,0.0007808516384102404,0.4417481479477552,0.4678470537024897
2.953468025701511e-11,2.1798207336387598e-11,0.0006411449867300689,5.463058187160641e-05,0.001217179698869586,0.001217179698869586,6.700241556245601e-06,0.1120542585849762,0.00075411336729303,0.45074556925660225,0.4757675881582845
3.082004443322184e-11,2.2838290286708585e-11,0.0006379667902365327,5.373642852646299e-05,0.0012223452795296907,0.0012223452795296907,6.680641490675043e-06,0.1088082417845726,0.0007309334469027817,0.45877274218749764,0.4833489227092617
3.209758153710496e-11,2.3948029323483944e-11,0.0006367095047608018,5.284226426738314e-05,0.0012177765602245927,0.0012177766766399145,6.64190383758978e-06,0.11995257437229156,0.0007109264843165874,0.4644730378055428,0.4900209656783793
3.345626206630037e-11,2.5080534871158022e-11,0.0006323006236925721,5.2480689191725105e-05,0.0012138350866734982,0.00121383520308882,6.751425189577276e-06,0.11515627801418304,0.0006847677286714315,0.4695332327544267,0.4959915284954084
3.485085484089545e-11,2.627646364383729e-11,0.0006300281384028494,5.1887323934352025e-05,0.0012105659116059542,0.0012105657951906323,6.777366252208594e-06,0.12020450830459595,0.0006723958649672568,0.4739811072810626,0.5012838298600041
3.6316592094687294e-11,2.7502613034191548e-11,0.0006301605608314276,5.1339116907911375e-05,0.0012095562415197492,0.0012095562415197492,6.825994205428287e-06,0.11489325761795044,0.0006468128995038569,0.47718489767361905,0.5061205836678979
3.7850646228410056e-11,2.8801070903194947e-11,0.0006252925377339125,5.089194019092247e-05,0.0012077477294951677,0.0012077477294951677,6.858699180156691e-06,0.11343951523303986,0.0006216539186425507,0.4794307328954851,0.5102218257394856
3.9446515498475776e-11,3.017283645156965e-11,0.0006234677857719362,5.033500929130241e-05,0.0012048922944813967,0.0012048922944813967,6.876079169160221e-06,0.11598974466323853,0.000604857224971056,0.481052930764584,0.5141285293943985
4.111825463448682e-11,3.159290190568598e-11,0.0006227503763511777,4.9697311624186113e-05,0.0012037422275170684,0.0012037422275170684,6.883357400511159e-06,0.11369480937719345,0.0005960690323263407,0.481581187353476,0.5174935482102563
4.289718927297237e-11,3.307307899769185e-11,0.0006167765241116285,4.883678775513545e-05,0.00119631621055305,0.0011963160941377282,6.903381745360093e-06,0.10623738169670105,0.000596746220253408,0.48045568988515075,0.5210632384312848
4.475509893242524e-11,3.4611077892598985e-11,0.0006183962686918676,4.880587584921159e-05,0.0012004489544779062,0.0012004489544779062,7.00203327141935e-06,0.10671353340148926,0.0005716518498957157,0.4790343581305415,0.5244985106436857
4.663339506216779e-11,3.619473817884078e-11,0.0006125512882135808,4.810120663023554e-05,0.0011887858854606748,0.0011887858854606748,6.951393970666686e-06,0.10885347425937653,0.0005671787075698376,0.4762443056503056,0.5273024323613348
4.864313812857901e-11,3.7840022781843174e-11,0.0006135751609690487,4.69315200462006e-05,0.001193072646856308,0.001193072646856308,7.019404620223213e-06,0.10712224245071411,0.0005595697439275682,0.480522224595012,0.5318831761155276
5.073780631748015e-11,3.959995872881983e-11,0.0006086319917812943,4.6310196921695024e-05,0.0011861613020300865,0.0011861613020300865,6.977925750106806e-06,0.10409273952245712,0.0005468071904033422,0.484148260557595,0.5363745561600003
5.287284499111422e-11,4.145247339826241e-11,0.0006094673881307244,4.65032244392205e-05,0.001183818094432354,0.001183818094432354,7.013481535977917e-06,0.10302415490150452,0.000535928993485868,0.4867492354190888,0.5400195332367044
5.50579755398406e-11,4.338589904007151e-11,0.0006059211445972323,4.550147787085734e-05,0.0011771490098908544,0.0011771490098908544,7.0551341195823625e-06,0.10516427457332611,0.0005145964678376913,0.49052139941495565,0.5440094973888022
5.7279476300964305e-11,4.542617670910687e-11,0.000609910930506885,4.545617775875144e-05,0.0011787479743361473,0.0011787479743361473,7.089893642842071e-06,0.10335048288106918,0.0005049198516644537,0.49360673759285306,0.5471384814396564
5.956560938935596e-11,4.755295809899529e-11,0.0006036150152795017,4.5109129132470116e-05,0.0011750274570658803,0.0011750274570658803,7.121655926312087e-06,0.10682476311922073,0.000489744998048991,0.49559906585551095,0.5497540609469518
6.188128481854349e-11,4.974710920979675e-11,0.0006045945337973535,4.4513137254398316e-05,0.0011723606148734689,0.0011723606148734689,7.150357305363286e-06,0.1090240404009819,0.00047837174497544765,0.49689108713036806,0.5520784090129478
6.430492943687582e-11,5.20657440772343e-11,0.0006035190890543163,4.41001720901113e-05,0.0011716269655153155,0.0011716269655153155,7.180530246841954e-06,0.10533399879932404,0.00047587527660652995,0.4979300331621771,0.5539535243237302
6.684501563380962e-11,5.450218748537239e-11,0.000603487016633153,4.408188033266924e-05,0.0011725291842594743,0.0011725291842594743,7.173413450800581e-06,0.10543745756149292,0.0004521312366705388,0.49852472852876234,0.5560033219678729
6.95006621698191e-11,5.7011260296002675e-11,0.0006025243201293051,4.331640593591146e-05,0.001171580282971263,0.001171580282971263,7.139095487218583e-06,0.10553649067878723,0.0004577601212076843,0.5011844011762561,0.5582737288796658
7.226226561574123e-11,5.967566024667192e-11,0.0005993397790007293,4.309695214033127e-05,0.0011660781456157565,0.0011660781456157565,7.247751000249991e-06,0.10136085748672485,0.00044239521957933903,0.4999037980662943,0.5594565086469253
7.51031528634094e-11,6.245887140821083e-11,0.0006026642513461411,4.288239506422542e-05,0.0011677044676616788,0.0011677044676616788,7.212781383714173e-06,0.10521932691335678,0.00043071177788078785,0.4995626414243091,0.5610841741253061
7.804082380324928e-11,6.536046703864429e-11,0.0006043652538210154,4.257886030245572e-05,0.0011674633715301752,0.0011674633715301752,7.295456725842087e-06,0.1013551652431488,0.000427254504757002,0.49354294165739504,0.5631873483223723
8.114251631718972e-11,6.832480414775688e-11,0.0005987865733914077,4.206665835226886e-05,0.0011597777483984828,0.0011597777483984828,7.232550160551909e-06,0.10630430281162262,0.0004110399167984724,0.48802402838456627,0.5658123841591335
8.442822135856787e-11,7.12813696956971e-11,0.0006037827115505934,4.19906027673278e-05,0.0011630585649982095,0.0011630585649982095,7.389732672891114e-06,0.09811694920063019,0.00041564443381503224,0.48849214845824646,0.5685624553646323
8.785805416522408e-11,7.439052152058423e-11,0.0006002637674100697,4.157783041591756e-05,0.0011564840096980333,0.0011564840096980333,7.38307198844268e-06,0.10372220724821091,0.00040638321661390364,0.4832748446689791,0.5703306614660791
9.131941730577964e-11,7.754367287171604e-11,0.0005975537933409214,4.0819017158355564e-05,0.0011656908318400383,0.0011656909482553601,7.386959168798057e-06,0.10147259384393692,0.00039546567131765187,0.4774087147664138,0.5715229306709627
9.492879399219945e-11,8.083146652015927e-11,0.0005987579352222383,4.1102146496996284e-05,0.0011619157157838345,0.0011619157157838345,7.315541097341338e-06,0.10265249758958817,0.0004003812500741333,0.4716761703222336,0.5724039093125692
9.869779993287864e-11,8.421913166856143e-11,0.0005995664978399873,4.143863407080062e-05,0.001160222222097218,0.001160222222097218,7.3973947110062e-06,0.09355407953262329,0.0003973927232436836,0.46717887458214424,0.5722976941520703
1.0262241750824685e-10,8.775080662104529e-11,0.0005982666625641286,4.110404915991239e-05,0.0011565883178263903,0.0011565883178263903,7.359200481005246e-06,0.09510092437267303,0.0003909534134436399,0.4650522281779976,0.5733469533235122
1.0675710315766196e-10,9.145050688941225e-11,0.0006013624952174723,4.0545717638451606e-05,0.0011641299352049828,0.0011641299352049828,7.489689323847415e-06,0.10752047598361969,0.0003690113080665469,0.46443365254918173,0.5750288454457932
1.110239816748404e-10,9.520446930810778e-11,0.0006014283862896264,4.111335510970093e-05,0.0011524807196110487,0.0011524807196110487,7.392996849375777e-06,0.10126456618309021,0.0003664670221041888,0.46438692434862683,0.5765060982387435
1.1545779610155904e-10,9.901923725408324e-11,0.0005989248165860772,4.068783891852945e-05,0.0011624849867075682,0.0011624848702922463,7.355868547165301e-06,0.09822956472635269,0.00035626598400995135,0.46441566128675477,0.5778544909105714
1.1994788495783837e-10,1.0297120101032675e-10,0.0006001690635457635,4.0797051042318344e-05,0.0011597146512940526,0.0011597146512940526,7.505814210162498e-06,0.1015704944729805,0.0003561120538506657,0.46339282690066563,0.5782489300360922
1.243776054371537e-10,1.0708444547757878e-10,0.0005966163007542491,4.071911462233402e-05,0.001159823383204639,0.001159823383204639,7.446671588695608e-06,0.09686798602342606,0.0003412974765524268,0.46052175383642935,0.5783931689532176
1.288642664798445e-10,1.112742051279092e-10,0.0005955765955150127,4.0259223169414327e-05,0.001159409061074257,0.001159409061074257,7.434615781676257e-06,0.09830369055271149,0.0003466021444182843,0.45770157828793423,0.5787290328087568
1.334727744994879e-10,1.1552427764405238e-10,0.0005997974658384919,4.010749398730695e-05,0.0011478944215923548,0.0011478944215923548,7.434941380779492e-06,0.09994792938232422,0.00033229292603209615,0.4574407846436339,0.5795127849087579
1.3837721246634516e-10,1.1996101334510456e-10,0.0005988510092720389,4.02962978114374e-05,0.001152170356363058,0.001152170356363058,7.452036697941367e-06,0.09536975622177124,0.00033434858778491616,0.45921581395048194,0.5805272891761398
1.4331003050926938e-10,1.2452740227875125e-10,0.0005971486098133028,4.0332452044822276e-05,0.0011474236380308867,0.0011474236380308867,7.48441334508243e-06,0.11562173813581467,0.0003247363492846489,0.46082096210425444,0.5814532122178111
1.483728556683772e-10,1.292780466011223e-10,0.0005979222478345037,4.043388616992161e-05,0.001149774994701147,0.001149774994701147,7.4100653364439495e-06,0.09748098999261856,0.0003222860977984965,0.4643878806847555,0.5829155514413771
1.535661181550907e-10,1.3414819255430643e-10,0.000594144337810576,3.985413786722347e-05,0.0011401514057070017,0.0011401514057070017,7.465509952453431e-06,0.10033316165208817,0.00032217358238995075,0.4680743905986374,0.5842522828612148
1.5899043193101647e-10,1.3914931706882072e-10,0.0005963427829556167,4.0068302041618153e-05,0.0011421851813793182,0.0011421851813793182,7.433599876094377e-06,0.09744226187467575,0.0003203870728611946,0.470779206700697,0.5855505454343746
1.643693514630229e-10,1.4424308969473998e-10,0.0005949873011559248,3.9719336200505495e-05,0.0011412891326472163,0.0011412891326472163,7.461363111360697e-06,0.09690086543560028,0.00031929949182085693,0.4743747460397852,0.5870381540351669
1.700769802770452e-10,1.494303708549083e-10,0.0005900953547097743,3.9473921788157895e-05,0.0011414367472752929,0.0011414367472752929,7.519377959397389e-06,0.09584710747003555,0.0003142683126498014,0.47799475660960794,0.587984143712843
1.7585639888739735e-10,1.5473240744245942e-10,0.000585726578719914,3.913980981451459e-05,0.001141833490692079,0.001141833490692079,7.4557738116709515e-06,0.09437204152345657,0.0003166492679156363,0.48323151492848415,0.5895026093233093
1.8163259785097807e-10,1.601732219080887e-10,0.000586461101192981,3.899494913639501e-05,0.0011407254496589303,0.0011407254496589303,7.545019798271824e-06,0.09335940331220627,0.0003111890109721571,0.48866862345716977,0.5910393050146042
1.874485844322038e-10,1.657575743330142e-10,0.0005882328259758651,3.867825944325887e-05,0.0011419830843806267,0.0011419830843806267,7.5017869676230475e-06,0.09654923528432846,0.0002984228194691241,0.49409466909653815,0.5927148359670472
1.9317086819015117e-10,1.7132531504593373e-10,0.0005855950876139104,3.828675107797608e-05,0.0011365575483068824,0.0011365575483068824,7.539654234278714e-06,0.09385230392217636,0.00030931373476050794,0.5011868160305658,0.5945581599437637
1.9884706381478878e-10,1.770369545406325e-10,0.0005828810390084982,3.844652746920474e-05,0.0011335777817294002,0.0011335777817294002,7.535296390415169e-06,0.09995193779468536,0.0003057435969822109,0.5061078976877397,0.5955079259014647
2.048914093943921e-10,1.8290921555141892e-10,0.0005830112495459616,3.7806446925969794e-05,0.0011397020425647497,0.0011397020425647497,7.569380159111461e-06,0.09472206979990005,0.0003012967936228961,0.5085057780302472,0.5964239076237795
2.1087881441061995e-10,1.8884661889817522e-10,0.0005784849054180086,3.743659908650443e-05,0.0011379007482901216,0.0011379009811207652,7.528029527748004e-06,0.0935152918100357,0.00030374445486813784,0.5096542531893873,0.5975039561411415
2.169892598935519e-10,1.9492157887768258e-10,0.0005790448049083352,3.740710235433653e-05,0.0011320440098643303,0.0011320438934490085,7.640411240572575e-06,0.09565972536802292,0.0002984198508784175,0.5091250031890344,0.598246159864286
2.2310024661020833e-10,2.0104860831704485e-10,0.0005864265840500593,3.7612117012031376e-05,0.0011396779445931315,0.0011396778281778097,7.609552540088771e-06,0.09199035167694092,0.0002811499871313572,0.5073299487604646,0.5985547192718955
2.2927813814188625e-10,2.0736481975980325e-10,0.0005796963814646006,3.748071685549803e-05,0.0011312144342809916,0.0011312145506963134,7.574125902465312e-06,0.09762118756771088,0.00028843246400356293,0.5051824776715057,0.5986429671289242
2.355793893293878e-10,2.1365852143073738e-10,0.0005786684923805296,3.74472037947271e-05,0.0011339450720697641,0.0011339450720697641,7.611343789903913e-06,0.09365364909172058,0.0002870266907848418,0.5028587007995919,0.5983993071109281
2.4189317215927986e-10,2.2001445110220175e-10,0.0005866172141395509,3.726791692315601e-05,0.0011308848625048995,0.0011308849789202213,7.546689630544279e-06,0.10028548538684845,0.000273549638222903,0.502144737470392,0.5982310725946769
2.4812712995370134e-10,2.2619724149297582e-10,0.000577496481128037,3.6900055420119315e-05,0.0011308252578601241,0.0011308252578601241,7.5863072197535075e-06,0.09598039090633392,0.0002715301525313407,0.5007237235595359,0.5984317504964748
2.5436361350550385e-10,2.3237625712546617e-10,0.0005835435003973544,3.657749039120972e-05,0.00112582475412637,0.0011258246377110481,7.639911927981302e-06,0.09194779396057129,0.00026867998531088233,0.5005498080952778,0.5986060789801617
2.607983551339288e-10,2.385186492759317e-10,0.0005816813209094107,3.730873140739277e-05,0.0011267972877249122,0.0011267972877249122,7.509014267270686e-06,0.09305111318826675,0.0002563454327173531,0.5022520759198743,0.5991091450303492
2.672403409675894e-10,2.4454815950036846e-10,0.000573231081943959,3.606239260989241e-05,0.0011314658913761377,0.0011314658913761377,7.579311841254821e-06,0.09502257406711578,0.0002524422889109701,0.5040932496593084,0.5996253625039496
2.737911564132389e-10,2.5043314644257464e-10,0.0005784478853456676,3.6096651456318796e-05,0.0011273885611444712,0.0011273885611444712,7.607226052641636e-06,0.0981951355934143,0.0002415210474282503,0.5046417672717689,0.6000212495568257
2.804891319208025e-10,2.5641958001365595e-10,0.0005724444054067135,3.6246561649022624e-05,0.0011217102874070406,0.0011217102874070406,7.503647339035524e-06,0.09266511350870132,0.00023778887407388538,0.5057542626064221,0.6006619592894737
2.872903304140806e-10,2.624369888071243e-10,0.0005765270325355232,3.5729124647332355e-05,0.0011229042429476976,0.0011229042429476976,7.581507816212252e-06,0.09549882262945175,0.0002503872674424201,0.5049182997019895,0.6016593927305418
2.941812071721728e-10,2.684166500177554e-10,0.0005744097288697958,3.556250157998875e-05,0.001128030358813703,0.001128030358813703,7.480972271878272e-06,0.09354888647794724,0.0002423805563012138,0.5047515906729638,0.6029855231917373
3.012568250415626e-10,2.7448909811766953e-10,0.0005742941284552217,3.562309211702086e-05,0.0011250375537201762,0.0011250375537201762,7.650258339708671e-06,0.0942339152097702,0.00023874161706771702,0.5054136339869536,0.6041126246780893
3.0816330043315077e-10,2.807306331842341e-10,0.0005738678737543523,3.5342032788321376e-05,0.0011231263633817434,0.0011231263633817434,7.527753950853366e-06,0.09154369682073593,0.00024011495406739414,0.5076678174313348,0.6048997176414161
3.1476807271779705e-10,2.8707003441041934e-10,0.0005762336077168584,3.5570323234423995e-05,0.0011198838474228978,0.0011198839638382196,7.57397629058687e-06,0.09318661689758301,0.00023642685846425593,0.5105218816794791,0.6053937716433492
3.2106720060376404e-10,2.934630316531184e-10,0.0005752685246989131,3.579715121304616e-05,0.0011203980538994074,0.0011203980538994074,7.566975455119973e-06,0.09564504772424698,0.00023718048760201782,0.5122662157624901,0.6056394606068685
3.2693894813640156e-10,2.998389592168138e-10,0.0005731653072871268,3.5390905395615846e-05,0.0011203117901459336,0.0011203117901459336,7.5817815741174854e-06,0.10060600936412811,0.00022392903338186443,0.5151381089427023,0.6064873354919924
3.3300706636651967e-10,3.0621524760299224e-10,0.0005760983331128955,3.503427069517784e-05,0.0011189840734004974,0.0011189840734004974,7.587362688354915e-06,0.09076196700334549,0.0002323509834241122,0.5188386878919679,0.6074082792580646
3.3877217697764195e-10,3.122376246444958e-10,0.0005716372979804873,3.493552139843814e-05,0.001124624046497047,0.0011246241629123688,7.596617706440156e-06,0.09491138160228729,0.00022775246179662645,0.5241572816611652,0.6085987013573345
3.4454172848086273e-10,3.1802238620315393e-10,0.0005716694868169725,3.506263601593673e-05,0.0011150011559948325,0.0011150011559948325,7.579677003377583e-06,0.09409810602664948,0.00022293000074569136,0.5284019583393433,0.609399848184692
3.504135870358027e-10,3.2376570868741794e-10,0.0005681192269548774,3.461648884695023e-05,0.0011097145034000278,0.0011097145034000278,7.590396307932679e-06,0.0932205319404602,0.00022318876290228218,0.5298086836091299,0.6097982218126241
3.5635158712743475e-10,3.2933991644945593e-10,0.0005700382753275335,3.457762431935407e-05,0.0011132602812722325,0.0011132602812722325,7.612677563884063e-06,0.09425173699855804,0.00022255597286857665,0.5316925790186443,0.6101383573390987
3.6248951063022616e-10,3.3496838636182247e-10,0.0005712342099286616,3.4915014111902565e-05,0.0011171780060976744,0.0011171778896823525,7.578862550872145e-06,0.0956093892455101,0.00021499200374819338,0.5333721811640456,0.6104347301245333
3.6873071262988333e-10,3.4049660313506536e-10,0.000566698145121336,3.4728029277175665e-05,0.0011094058863818645,0.0011094058863818645,7.603887752338778e-06,0.092403843998909,0.0002144844038411975,0.5373601981111125,0.6107598819470499
3.7429270793865044e-10,3.4591665643013414e-10,0.0005661066388711333,3.496754288789816e-05,0.001119833905249834,0.001119833905249834,7.685827768000308e-06,0.09008542448282242,0.0002110671193804592,0.5416568720432334,0.6112201054345154
3.7977174183190243e-10,3.514084578881693e-10,0.0005612402455881238,3.4294313081773e-05,0.0011159480782225728,0.0011159480782225728,7.507292139052879e-06,0.09282416105270386,0.00020444203983061016,0.5433771948954529,0.611604277887466
3.850265661853314e-10,3.56685903035725e-10,0.0005662877229042351,3.451108204899356e-05,0.001110393786802888,0.001110393670387566,7.70032602304127e-06,0.09487397223711014,0.00020125247829128057,0.54216841089324,0.611875838218104
3.901649003879015e-10,3.619513022634635e-10,0.0005637729773297906,3.397889668121934e-05,0.0011147747281938791,0.0011147747281938791,7.5319831012166105e-06,0.09344665706157684,0.00019212656479794532,0.5393098353326427,0.6121111646010191
3.9539055363135844e-10,3.6682221149497707e-10,0.0005611140513792634,3.433880920056254e-05,0.001107588643208146,0.001107588643208146,7.676300810999237e-06,0.09213998913764954,0.00020604164456017315,0.5319466694692002,0.6121039788954167
4.0076414409284666e-10,3.715124596848085e-10,0.0005583087913691998,3.370968624949455e-05,0.0011098687537014484,0.0011098687537014484,7.655072295165155e-06,0.09255283325910568,0.0001984309492399916,0.5266872068939104,0.6120951698249889
4.054513946805116e-10,3.7625264015517246e-10,0.0005667685181833804,3.391242717043497e-05,0.0011091047199442983,0.0011091047199442983,7.66010180086596e-06,0.10144757479429245,0.00020273105474188924,0.5220479826849717,0.6123907174737206
4.1005390749582205e-10,3.8082720310583795e-10,0.0005628083017654717,3.430853394092992e-05,0.0011083310237154365,0.0011083310237154365,7.642591299372725e-06,0.09145960956811905,0.0001924298849189654,0.5192535888647061,0.6128023744866485
4.145245535713826e-10,3.852031749129736e-10,0.0005634736735373735,3.428792842896655e-05,0.0011043022386729717,0.0011043022386729717,7.641061529284343e-06,0.0917571485042572,0.000196849083295092,0.5165764039262114,0.6131265003029134
4.1850670151610814e-10,3.8939224067391365e-10,0.0005647946964018047,3.356763409101404e-05,0.001108381780795753,0.001108381780795753,7.598976935696555e-06,0.09360747784376144,0.00018537166761234403,0.5162176100066851,0.613830639863708
4.2222944585113e-10,3.936788950387182e-10,0.0005663142073899508,3.377508983248845e-05,0.0011076530208811164,0.0011076530208811164,7.627062132087303e-06,0.09753796458244324,0.00018638062465470284,0.5168028342163196,0.6146712068876637
4.258919605870659e-10,3.978808116311683e-10,0.0005556108080781996,3.351056147948839e-05,0.0011007473804056644,0.0011007473804056644,7.586545052618021e-06,0.09273950755596161,0.00019083199731539935,0.5178788819677821,0.6158566556689516
4.283998711329673e-10,4.019871380211981e-10,0.0005624676705338061,3.3556370908627287e-05,0.001102163572795689,0.001102163572795689,7.6014193837181665e-06,0.09390706568956375,0.00018603522039484233,0.5194206253324514,0.6168823053672481
4.3089107282234806e-10,4.0582512350617606e-10,0.0005642331670969725,3.351193299749866e-05,0.0011066425358876586,0.0011066425358876586,7.529170488851378e-06,0.09327835589647293,0.00017739139730110765,0.521040583022772,0.617776580250257
4.3324324683347015e-10,4.0930908662417664e-10,0.0005647291545756161,3.324993303976953e-05,0.001094816718250513,0.001094816718250513,7.6290521064947825e-06,0.09303663671016693,0.00018159284081775695,0.5232266969057564,0.6186062643577247
4.358487737388117e-10,4.1254885618791093e-10,0.0005617147544398904,3.3188320230692625e-05,0.0010978342033922672,0.0010978342033922672,7.640785952389706e-06,0.09183207154273987,0.00017752265557646751,0.525364265069275,0.6196116006856396
4.386350171969866e-10,4.1584055643362206e-10,0.000568283605389297,3.308712985017337e-05,0.0011018294608220458,0.0011018294608220458,7.636485861439724e-06,0.08922846615314484,0.00017383534577675164,0.5274480056146126,0.6204481922245768
4.4156639456005564e-10,4.188092095347429e-10,0.0005616830312646925,3.316556103527546e-05,0.001104261726140976,0.001104261726140976,7.671929779462516e-06,0.09224363416433334,0.00018331468163523823,0.5303033457319939,0.6210839790721354
4.4466860749103887e-10,4.2170067438007663e-10,0.0005608938517980278,3.2926269341260195e-05,0.0010986514389514923,0.0010986514389514923,7.589870619995054e-06,0.09217589348554611,0.00018922337039839476,0.5335385057202319,0.6219049523696296
4.4807421661907654e-10,4.243076723309258e-10,0.0005541665595956147,3.2737058063503355e-05,0.001098162611015141,0.001098162611015141,7.597553576488281e-06,0.09187659621238708,0.0001930382422870025,0.5360416088929625,0.6224804092907197
4.513144857831719e-10,4.2700212810053984e-10,0.0005588338244706392,3.30221482727211e-05,0.0010949718998745084,0.0010949718998745084,7.621512395417085e-06,0.08815912157297134,0.0001967051939573139,0.5383486368647198,0.6227357431808439
4.5413456328802226e-10,4.2965517255133534e-10,0.0005597639828920364,3.289172309450805e-05,0.0010988094145432115,0.0010988094145432115,7.66952052799752e-06,0.09259842336177826,0.0002068796893581748,0.5410647958322309,0.6235946617310633
4.566882150225382e-10,4.3226877632918104e-10,0.0005610130028799176,3.275885319453664e-05,0.001100161112844944,0.0011001609964296222,7.687281140533742e-06,0.09450200945138931,0.0001921929360833019,0.5429821602813721,0.6240439359515502
4.590961499850721e-10,4.3460215981561134e-10,0.0005602207966148853,3.302564800833352e-05,0.001097247819416225,0.001097247819416225,7.612981789861806e-06,0.09243791550397873,0.0001864897203631699,0.5441920747840482,0.624661943937668
4.617395910067046e-10,4.3683004435912665e-10,0.0005579744465649128,3.237371493014507e-05,0.0010994680924341083,0.0010994680924341083,7.583963451907039e-06,0.09216903895139694,0.00019456045993138105,0.5463924978440466,0.6252318531719011
4.6395057240466997e-10,4.389768548662687e-10,0.0005581513978540897,3.260420271544717e-05,0.0011025157291442156,0.0011025158455595374,7.564319730590796e-06,0.09200476109981537,0.00018556733266450465,0.547983172493689,0.6256712928080076
4.662518149345374e-10,4.4102405061252625e-10,0.0005574814858846366,3.279983502579853e-05,0.001098418957553804,0.001098418957553804,7.664404620300047e-06,0.094364233314991,0.00017633725656196475,0.5497194658343553,0.626158956238299
4.684839738366975e-10,4.429918099013719e-10,0.0005610171356238425,3.3125175832537934e-05,0.001098238630220294,0.001098238630220294,7.596979230584111e-06,0.08861340582370758,0.0001770603412296623,0.5525862514865929,0.6268044109398734
4.707372824874767e-10,4.446940593538784e-10,0.0005585011094808578,3.265127816121094e-05,0.0011008745059370995,0.0011008745059370995,7.623249530297471e-06,0.09569796919822693,0.0001722495653666556,0.5556439885139741,0.6273459435723923
4.725499436197822e-10,4.4624845485508047e-10,0.0005575696122832596,3.2227977499132976e-05,0.0010946639813482761,0.001094664097763598,7.665200428164098e-06,0.09033986181020737,0.00017594550445210189,0.558740083982349,0.628016514057214
4.743732628931241e-10,4.4777551111430114e-10,0.00055757473455742,3.218705751351081e-05,0.0010896249441429973,0.0010896249441429973,7.667127647437155e-06,0.09095600992441177,0.00016704715380910784,0.5616049180793261,0.6288173625413706
4.761139815734339e-10,4.4929976406038463e-10,0.0005546794272959232,3.203068990842439e-05,0.0010913396254181862,0.0010913395090028644,7.618947620358085e-06,0.0923939049243927,0.0001709548814687878,0.5654286109508069,0.6297491821715534
4.775155271197207e-10,4.508136919323391e-10,0.0005602287128567696,3.232475501135923e-05,0.001090507605113089,0.0010905074886977673,7.665502380405087e-06,0.08917749673128128,0.0001722890738165006,0.5674390968645721,0.6306065464994478
4.787595320188132e-10,4.5209719301553264e-10,0.0005580787546932697,3.215280230506323e-05,0.0010923495283350348,0.0010923495283350348,7.70758470025612e-06,0.08962682634592056,0.00016865630459506065,0.5694085611959996,0.6312368760538838
4.797498509567788e-10,4.533919351068505e-10,0.0005586972692981362,3.269433364039287e-05,0.001084534334950149,0.001084534334950149,7.72745261201635e-06,0.0888080820441246,0.00017004121036734432,0.5704872302316382,0.6318248289408398
4.803721309620812e-10,4.54552173678735e-10,0.0005599109572358429,3.2244617614196613e-05,0.0010766939958557487,0.0010766939958557487,7.668574653507676e-06,0.08782888203859329,0.00017684443446341902,0.5697886622909482,0.6323495815088486
4.809261322513692e-10,4.5576731277918725e-10,0.0005540670244954526,3.176346217514947e-05,0.0010833864798769355,0.0010833865962922573,7.56995450501563e-06,0.08886097371578217,0.00016081093053799123,0.5690107506448349,0.6324623666190757
4.81490902703996e-10,4.570968881179027e-10,0.0005572944646701217,3.2009160349844024e-05,0.0010821312898769975,0.0010821312898769975,7.639683644811157e-06,0.08892760425806046,0.00015876669203862548,0.5676786120394384,0.6322732355437992
4.821625876338942e-10,4.584545243435656e-10,0.0005580982542596757,3.2214542443398386e-05,0.0010823800694197416,0.0010823800694197416,7.599772288813256e-06,0.09623171389102936,0.0001636064553167671,0.5660324219475609,0.6320290803571924
4.827606647772598e-10,4.597218161705996e-10,0.0005595447728410363,3.228271089028567e-05,0.0010777032002806664,0.0010777032002806664,7.702235052420292e-06,0.09237498044967651,0.00017879964434541762,0.5654810757850489,0.6316894454892792
4.835318812013156e-10,4.6100820383365715e-10,0.0005608269129879773,3.229064532206394e-05,0.0010780703742057085,0.0010780703742057085,7.638888746441808e-06,0.08963566273450851,0.0001654629741096869,0.5649556890440635,0.6313915898764438
4.843109246976951e-10,4.623602611886213e-10,0.0005585296894423664,3.195301542291418e-05,0.0010831569088622928,0.0010831569088622928,7.665279554203153e-06,0.09100731462240219,0.00017415800539311022,0.5650457615138115,0.6312528397595124
4.852504509322841e-10,4.6369849626692883e-10,0.0005553545197471976,3.183757507940754e-05,0.0010811842512339354,0.0010811842512339354,7.712472324783448e-06,0.08781177550554276,0.00017610906797926873,0.5656094216190302,0.6312356152191042
4.864323943643001e-10,4.647224827181162e-10,0.0005597067065536976,3.193421071046032e-05,0.0010790773667395115,0.0010790773667395115,7.641997399332467e-06,0.08900715410709381,0.00017052324255928397,0.5665282883493451,0.6315904235544514
4.878036308220146e-10,4.656545704584403e-10,0.0005605751066468656,3.184656088706106e-05,0.0010760074947029352,0.0010760074947029352,7.568835371785099e-06,0.09086208790540695,0.0001710201904643327,0.5679252461956932,0.6322572975657839
4.8932774499022e-10,4.663965325057973e-10,0.0005534494994208217,3.1681360269431025e-05,0.0010705019813030958,0.0010705020977184176,7.699980415054597e-06,0.08861640095710754,0.00016837302246131003,0.5690523194311807,0.6329684141778691
4.905616468597884e-10,4.671593667460172e-10,0.0005535456584766507,3.156623643008061e-05,0.0010782774770632386,0.0010782774770632386,7.710730642429553e-06,0.08998827636241913,0.00017056662181857973,0.5702032574367398,0.6334803380715915
4.918232487938212e-10,4.677821463516807e-10,0.0005491560441441834,3.1073595891939476e-05,0.0010764091275632381,0.0010764090111479163,7.570782145194244e-06,0.089622363448143,0.0001683266891632229,0.5708992377077923,0.6338723617157122
4.926897223533899e-10,4.682457754867642e-10,0.0005515699740499258,3.1656243663746864e-05,0.0010773552348837256,0.0010773552348837256,7.68354038882535e-06,0.09054673463106155,0.00016501857317052782,0.5719141077476728,0.634343466682208
4.934400665845828e-10,4.686633858774769e-10,0.0005492360796779394,3.1524708901997656e-05,0.0010732092196121812,0.0010732091031968594,7.617887604283169e-06,0.09105053544044495,0.00015045327018015087,0.572890537565631,0.6343028406564194
4.94094931635658e-10,4.69052741092213e-10,0.0005484619177877903,3.149310214212164e-05,0.0010737688280642033,0.0010737688280642033,7.639910108991899e-06,0.09176234900951385,0.00014598193229176104,0.5737201148250828,0.6342429912898164
4.948731979759202e-10,4.691051991301265e-10,0.0005480433464981616,3.117148298770189e-05,0.0010781834134832025,0.0010781834134832025,7.596863270009635e-06,0.08748742192983627,0.00014995869423728436,0.5729413564597802,0.6342941030981657
4.956709487302646e-10,4.691899646580566e-10,0.0005447549629025161,3.121808549622074e-05,0.0010773253161460161,0.0010773253161460161,7.661849849682767e-06,0.08744898438453674,0.0001663591683609411,0.5726293235405568,0.6345918663215989
4.965933220191232e-10,4.691416699564854e-10,0.0005511310300789773,3.1129038688959554e-05,0.0010747190099209547,0.0010747190099209547,7.604895017720992e-06,0.09048326313495636,0.00016076350584626198,0.571869955097345,0.6349434192895179
4.97617280714735e-10,4.692688460039562e-10,0.0005464685964398086,3.1047089578351006e-05,0.0010742066660895944,0.0010742066660895944,7.5424768510856666e-06,0.09253616631031036,0.00015530255041085184,0.5720123552942654,0.6350243369583314
4.983871093600101e-10,4.695450139813317e-10,0.0005492485361173749,3.13972013827879e-05,0.0010724466992542148,0.0010724466992542148,7.632048436789773e-06,0.08821585774421692,0.0001614658540347591,0.5726209921363037,0.6352873884825118
4.986727697442461e-10,4.699591826806682e-10,0.0005489207105711102,3.11545591102913e-05,0.0010715804528445005,0.0010715805692598224,7.5477000791579485e-06,0.09002179652452469,0.0001535069168312475,0.5735987045962443,0.635501646409545
4.989528790133591e-10,4.703610279044312e-10,0.0005450937896966934,3.1410003430210054e-05,0.0010744614992290735,0.0010744614992290735,7.564581665064907e-06,0.09371048957109451,0.00013820070307701826,0.5745385031583967,0.6355993100314276
4.989984536685199e-10,4.7069054209814e-10,0.000548236130271107,3.132615893264301e-05,0.0010775517439469695,0.0010775517439469695,7.632766937604174e-06,0.08951523154973984,0.00014612911036238074,0.5754031387348508,0.6353801400559365
4.987801283107274e-10,4.709208578645985e-10,0.0005482792621478438,3.121161716990173e-05,0.0010721543803811073,0.0010721542639657855,7.606156941619702e-06,0.09653311967849731,0.0001496437325840816,0.5762293919267837,0.6350389440512606
4.986140944573947e-10,4.712611412216461e-10,0.0005452911136671901,3.0726147087989375e-05,0.001075400854460895,0.001075400854460895,7.606599410792114e-06,0.08757703751325607,0.00014555675443261862,0.5771604520902507,0.6346160524970172
4.983144452630484e-10,4.714615364775909e-10,0.0005518008256331086,3.1159710488282144e-05,0.0010749590583145618,0.0010749590583145618,7.536072189395782e-06,0.08602480590343475,0.00014652402023784816,0.5776066735568063,0.6340251721387771
4.981020595984376e-10,4.719000190611666e-10,0.0005470801843330264,3.086426295340061e-05,0.0010780072771012783,0.0010780071606859565,7.703727533225901e-06,0.09208039194345474,0.00015499498113058507,0.5779653037002496,0.633610474840262
4.980906798124352e-10,4.724742264095028e-10,0.0005463392590172589,3.093498889938928e-05,0.0010779105359688401,0.0010779105359688401,7.61834462537081e-06,0.08593876659870148,0.00015664029342588037,0.5785089999994449,0.6334360647052925
4.979690548800875e-10,4.733564096248699e-10,0.0005478554521687329,3.0658397008664906e-05,0.0010768722277134657,0.0010768723441287875,7.613195521116722e-06,0.08911693096160889,0.00015062792226672173,0.5788921579491144,0.6334802015657794
4.978374934516694e-10,4.74052297416705e-10,0.0005400300142355263,3.0494675229419954e-05,0.0010710200294852257,0.0010710200294852257,7.621482382091926e-06,0.08876370638608932,0.0001605705765541643,0.5796434911595665,0.6338977851446338
4.974294309789684e-10,4.750099202865954e-10,0.0005427684518508613,3.0413535569095984e-05,0.001075964537449181,0.001075964653864503,7.649248800589703e-06,0.0885804072022438,0.00014964083675295115,0.5792790320056362,0.6341308653658851
4.972453560014856e-10,4.762063521290827e-10,0.0005457144579850137,3.073278276133351e-05,0.0010697442339733243,0.0010697442339733243,7.75719581724843e-06,0.08776017278432846,0.00016220954421442002,0.5782989286853523,0.6350287280299288
4.969915590180563e-10,4.773156869752881e-10,0.0005431477329693735,3.041805211978499e-05,0.0010716753313317895,0.0010716752149164677,7.648906830581836e-06,0.09189435094594955,0.00015119883755687624,0.5772589479925153,0.63576355376499
4.968975786390217e-10,4.783547447040348e-10,0.0005452893674373627,3.0476710890070535e-05,0.00107764161657542,0.00107764161657542,7.644452125532553e-06,0.089106485247612,0.00014601522707380354,0.5763817799610659,0.6364591319187202
4.970668876502771e-10,4.794438734911921e-10,0.0005464655114337802,3.065311466343701e-05,0.001074384432286024,0.001074384432286024,7.627152172062779e-06,0.08934793621301651,0.00014864097465761006,0.5756834199810819,0.6370528703599535
4.97112240260833e-10,4.802845343654383e-10,0.0005454681231640279,3.0201166737242602e-05,0.0010743460152298212,0.0010743460152298212,7.596452178404434e-06,0.09077280014753342,0.00014935250510461628,0.5751177180127519,0.6375599863447157
4.973366163341097e-10,4.810238873886874e-10,0.0005435066996142268,3.0191207770258188e-05,0.0010713017545640469,0.0010713017545640469,7.593463124067057e-06,0.08759111911058426,0.00015030516078695655,0.5750769693324789,0.6379589716210218
4.976301037906694e-10,4.817902188314349e-10,0.000549979624338448,3.0516874176100828e-05,0.00107925059273839,0.00107925059273839,7.715839274169412e-06,0.08934951573610306,0.0001472650037612766,0.5756670461832241,0.6382057863517867
4.97813401612035e-10,4.827944155572084e-10,0.0005465198191814125,3.0138849979266524e-05,0.0010734942043200135,0.0010734942043200135,7.601584911753889e-06,0.09175193309783936,0.00015554863784927875,0.5763976620799693,0.6381298144903712
4.976855594307494e-10,4.839023071134818e-10,0.0005461383261717856,3.0237435566959903e-05,0.0010828430531546474,0.0010828430531546474,7.563030521851033e-06,0.08648804575204849,0.00014785212988499552,0.5772672599239574,0.638434938558087
4.973820244558169e-10,4.848076384789124e-10,0.0005477662198245525,3.0318613426061347e-05,0.001075896667316556,0.001075896667316556,7.70548649597913e-06,0.08445222675800323,0.00016008941747713834,0.5781134795777191,0.6385264554241751
4.969590294834347e-10,4.856704483024998e-10,0.0005445824936032295,3.046098026970867e-05,0.0010730294743552804,0.0010730294743552804,7.662826646992471e-06,0.087480328977108,0.00015472904487978667,0.5788521124087117,0.6386132574304919
4.966166922137916e-10,4.860755131730343e-10,0.0005470534088090062,3.022858982149046e-05,0.0010799809824675322,0.001079981098882854,7.613812613271875e-06,0.08723926544189453,0.00015940488083288074,0.5789356420449787,0.6387062211171146
4.962141808562137e-10,4.863227598406183e-10,0.0005474264035001397,3.0443970899796113e-05,0.0010769974905997515,0.0010769974905997515,7.637948328920174e-06,0.08851705491542816,0.00015776354121044278,0.5790520141739193,0.638815776813868
4.955936772077507e-10,4.865750580229644e-10,0.0005480977124534547,3.042019670829177e-05,0.0010838876478374004,0.0010838876478374004,7.612921308464138e-06,0.08830773085355759,0.0001529178989585489,0.5787118299320453,0.6388998107920238
4.943161990844658e-10,4.866934633085407e-10,0.0005490656476467848,3.0721068469574675e-05,0.0010778313735499978,0.001077831257134676,7.721089787082747e-06,0.0884757861495018,0.00014268002996686846,0.5787975455871562,0.6390431820179898
4.930302832661937e-10,4.866123615165918e-10,0.0005490683251991868,3.0320363293867558e-05,0.0010768341599032283,0.0010768341599032283,7.665033081138972e-06,0.0893830731511116,0.00013732131628785282,0.5787467814871146,0.6394045112074067
4.919414875459438e-10,4.863006664024283e-10,0.0005469489842653275,3.0106935810181312e-05,0.0010770756052806973,0.0010770756052806973,7.649309736734722e-06,0.08465259522199631,0.00013841563486494124,0.5785516155468755,0.6399358121637385
4.911026585396883e-10,4.857204638497592e-10,0.0005471520125865936,3.051996827707626e-05,0.001075347769074142,0.001075347769074142,7.666528290428687e-06,0.0956474021077156,0.00015182099014054984,0.5785159989581751,0.6402655566177056
